trace_id,name,slip_rate,recency,dip_direct,slip_sense,map_scale,full_length_m,clipped_length_m,centroid_utm_x,centroid_utm_y,centroid_row,centroid_col,centroid_in_footprint
4,Agai Pah Hills fault zone,0.195,"<1,600,000",Unspecified,RL,250,5329.43,5329.43,366621.1,4298758.2,2097,1232,1
5,Agai Pah Hills fault zone,0.195,"<1,600,000",Unspecified,RL,250,11121.11,11121.11,362719.2,4298284.3,2102,1193,1
6,Agai Pah Hills fault zone,0.195,"<1,600,000",Unspecified,RL,250,1571.98,1571.98,368336.3,4293644.4,2149,1249,1
7,Agai Pah Hills fault zone,0.195,"<1,600,000",Unspecified,RL,250,18050.33,18050.33,359935.9,4303005.5,2055,1165,1
8,Alkali Flat fault,0.0001,"<1,600,000",W,N,250,1182.5,1182.5,260688.8,4453211.0,553,173,0
9,Alkali Flat fault,0.0001,"<1,600,000",W,N,250,4772.38,4772.38,258021.4,4444469.8,640,146,0
11,Antelope Peak fault,0.076,"<750,000",E,N,250,22441.19,22441.19,554239.4,4344805.1,1637,3108,0
12,Antelope Peak fault,0.076,"<750,000",E,N,250,6137.86,6137.86,552957.3,4363999.1,1445,3096,0
13,Antelope Peak fault,0.076,"<750,000",E,N,250,15367.38,15367.38,554319.5,4344895.0,1636,3109,0
14,Antelope Range fault zone,0.092,"<130,000",W,N,250,73540.17,64940.47,565941.3,4350900.0,1576,3225,0
15,Antelope Range fault zone,0.092,"<130,000",W,N,250,11843.34,10386.77,567180.8,4355224.7,1533,3238,0
20,Antelope Valley fault zone,1,"<15,000",SW,N,250,6863.48,6863.48,279495.6,4288510.3,2200,361,0
21,Antelope Valley fault zone,1,"<15,000",E,N,250,6609.13,6609.13,277571.2,4288206.6,2203,342,0
23,Battle Mountain faults,0.1,"<130,000",Unspecified,N,250,12906.37,12906.37,478936.8,4497039.8,115,2355,1
24,Battle Mountain faults,0.1,"<1,600,000",Unspecified,N,250,27455.14,25426.0,482655.7,4499490.7,90,2393,1
25,Belted Range fault,0.076,"<15,000",W,N,250,9238.65,2877.09,571852.4,4138033.4,3705,3285,0
27,Benton Spring fault,1.5,"<15,000",NW,RL,250,943.41,943.41,408754.2,4240433.6,2681,1654,1
28,Benton Spring fault,1.5,"<15,000",SW,RL,250,6779.91,6779.91,404865.1,4254504.8,2540,1615,1
29,Benton Spring fault,1.5,"<15,000",Unspecified,RL,250,43039.08,43039.08,398104.8,4266073.4,2424,1547,1
30,Benton Spring fault,1.5,"<15,000",W,RL,250,1608.47,1608.47,405928.9,4255239.4,2533,1625,1
31,Benton Spring fault,1.5,"<15,000",Unspecified,RL,250,15833.36,15833.36,396062.7,4267541.1,2410,1527,1
32,Benton Spring fault,1.5,"<15,000",Unspecified,RL,250,5456.81,5456.81,385208.0,4289962.4,2185,1418,1
33,Benton Spring fault,1.5,"<15,000",Unspecified,RL,250,11887.62,11887.62,389850.3,4281671.6,2268,1465,1
34,Beowawe fault,0.14,"<15,000",NW,N,250,7745.98,5540.89,539301.9,4491641.3,169,2959,1
35,Beowawe fault,0.14,"<15,000",NW,N,250,9103.22,3629.83,549330.2,4505827.5,27,3059,1
36,Bettles Well-Petrified Springs fault,0.9,"<130,000",Unspecified,RL,250,10577.15,10577.15,403682.0,4279683.0,2288,1603,1
37,Bettles Well-Petrified Springs fault,0.9,"<1,600,000",E,RL,250,3091.15,3091.15,416940.8,4260151.6,2483,1735,1
38,Bettles Well-Petrified Springs fault,0.9,"<1,600,000",NW,RL,250,751.24,751.24,415869.8,4257971.0,2505,1725,1
39,Bettles Well-Petrified Springs fault,0.9,"<130,000",SW,RL,250,1476.17,1476.17,413480.3,4249406.8,2591,1701,1
40,Bettles Well-Petrified Springs fault,0.9,"<130,000",Unspecified,RL,250,42274.29,42274.29,407926.5,4273384.6,2351,1645,1
41,Bettles Well-Petrified Springs fault,0.9,"<130,000",NE,RL,250,4384.33,4384.33,421301.6,4253648.3,2549,1779,1
42,Bettles Well-Petrified Springs fault,0.9,"<130,000",SW,RL,250,1949.23,1949.23,418312.1,4257758.0,2507,1749,1
43,Bettles Well-Petrified Springs fault,0.9,"<130,000",Unspecified,RL,250,34091.38,34091.38,410600.8,4269445.5,2391,1672,1
44,Bettles Well-Petrified Springs fault,0.9,"<130,000",NE,RL,250,1513.82,1513.82,414147.2,4252898.4,2556,1707,1
45,Bettles Well-Petrified Springs fault,0.9,"<130,000",NW,RL,250,2337.73,2337.73,414283.0,4254454.5,2540,1709,1
46,Bettles Well-Petrified Springs fault,0.9,"<130,000",SW,RL,250,2657.24,2657.24,413983.0,4252682.8,2558,1706,1
47,Bettles Well-Petrified Springs fault,0.9,"<130,000",Unspecified,RL,250,29276.82,29276.82,409346.3,4269530.9,2390,1659,1
48,Big Fault Wash fault,0.001,"<1,600,000",NW,N,250,7742.35,7742.35,566992.0,4293703.3,2148,3236,0
49,Big Fault Wash fault,0.001,"<1,600,000",W,N,250,26120.58,21611.51,568750.7,4301693.8,2068,3254,0
58,Black Eagle Hill fault,0.0001,"<1,600,000",Unspecified,N,250,1188.75,1188.75,371189.2,4317270.0,1912,1278,1
59,Black Eagle Hill fault,0.0001,"<1,600,000",Unspecified,N,250,14275.05,14275.05,371162.6,4322738.3,1858,1278,1
66,Bonham Ranch fault zone,0.205,"<15,000",E,N,250,126006.34,126006.34,262060.2,4483496.8,250,187,0
67,Bonham Ranch fault zone,0.205,"<1,600,000",E,N,250,53283.22,47705.12,258640.7,4484008.9,245,152,0
68,Bonham Ranch fault zone,0.205,"<15,000",E,N,250,1455.85,1455.85,260378.5,4478290.9,302,170,0
69,Bonham Ranch fault zone,0.205,"<1,600,000",E,N,250,17486.07,17486.07,260445.5,4486654.5,218,170,0
75,Buena Vista Valley fault zone,0.1,"<130,000",W,N,250,3310.73,3310.73,413453.1,4441992.9,665,1701,1
76,Buena Vista Valley fault zone,0.1,"<130,000",W,N,250,83978.81,83978.81,422593.4,4464700.2,438,1792,1
77,Buena Vista Valley fault zone,0.1,"<130,000",W,N,250,7372.77,7372.77,419962.8,4473531.0,350,1766,1
78,Buena Vista Valley fault zone,0.1,"<130,000",W,N,250,190.51,190.51,420606.8,4497927.3,106,1772,1
79,Buffalo Creek fault zone,0.1,"<130,000",W,N,250,43881.37,43881.37,429958.9,4355692.2,1528,1866,0
80,Buffalo Creek fault zone,0.1,"<130,000",W,N,250,2627.79,2627.79,427565.2,4348200.5,1603,1842,0
81,Buffalo Mountain fault,0.1,"<130,000",SE,N,250,18269.6,7389.22,467281.9,4506374.4,21,2239,1
82,Buffalo Valley fault zone,0.1,"<15,000",E,N,250,86982.95,86982.95,464575.1,4480295.4,282,2212,1
83,Buffalo Valley fault zone,0.1,"<15,000",E,N,250,5204.47,5204.47,465835.1,4481855.2,266,2224,1
93,Cactus Flat fault,0.01,"<130,000",Unspecified,N,250,31957.42,31957.42,522155.9,4193730.0,3148,2788,0
94,Cactus Flat fault,0.01,"<130,000",Unspecified,N,250,8074.11,8074.11,521571.1,4188336.6,3202,2782,0
95,Cambridge Hills fault,0.001,"<1,600,000",Unspecified,N,250,4759.22,4759.22,325567.8,4287457.0,2210,822,0
96,Cambridge Hills fault,0.001,"<1,600,000",E,N,250,7360.19,7360.19,325654.9,4283713.4,2248,823,0
97,Cambridge Hills fault,0.001,"<1,600,000",E,N,250,6027.5,6027.5,323656.2,4291609.6,2169,803,0
98,Carico Lake Valley fault zone,0.076,"<15,000",Unspecified,N,250,61634.06,61634.06,506333.6,4439619.6,689,2629,1
99,Carico Lake Valley fault zone,0.076,"<15,000",Unspecified,N,250,3845.91,3845.91,503715.1,4434671.6,738,2603,1
100,Carson City fault,0.1,"<15,000",E,N,250,27059.43,27059.43,259154.3,4334008.2,1745,158,0
101,Carson City fault,0.1,"<15,000",E,N,250,3711.62,3711.62,260806.2,4338223.0,1703,174,0
102,Carson City fault,0.1,"<15,000",E,N,250,5778.57,5778.57,259818.4,4334684.6,1738,164,0
103,Carson City fault,0.1,"<15,000",E,N,250,3750.19,3750.19,257176.3,4331678.6,1768,138,0
104,Carson lineament,0.195,"<15,000",Unspecified,LL,250,58174.9,58174.9,311148.9,4369214.4,1393,677,1
105,Carson lineament,0.195,"<15,000",Unspecified,LL,250,2283.77,2283.77,282544.8,4342778.3,1657,391,0
106,Carson lineament,0.195,"<1,600,000",Unspecified,LL,250,134164.68,134164.68,295438.6,4358856.9,1496,520,1
107,Carson lineament,0.195,"<15,000",Unspecified,LL,250,5758.62,5758.62,302896.2,4366958.5,1415,595,1
108,Carson lineament,0.195,"<1,600,000",Unspecified,LL,250,13656.37,13656.37,296106.2,4361142.8,1474,527,1
119,Central Carico Lake Valley fault group,0.076,"<15,000",Unspecified,N,250,37438.68,37438.68,502117.2,4424485.0,840,2587,0
120,Central Monitor Valley fault,0.1,"<15,000",E,N,250,1564.92,1564.92,527414.6,4311986.1,1965,2840,0
121,Central Monitor Valley fault,0.1,"<15,000",Unspecified,N,250,9981.8,9981.8,526326.3,4308635.0,1999,2829,0
122,Central Monitor Valley fault,0.1,"<15,000",W,N,250,5218.89,5218.89,526853.2,4308664.6,1998,2835,0
123,Central Monitor Valley fault,0.1,"<130,000",E,N,250,1710.29,1710.29,527882.7,4312258.8,1962,2845,0
124,Central Monitor Valley fault,0.1,"<130,000",W,N,250,12783.4,12783.4,527817.4,4306361.5,2021,2844,0
125,Central Monitor Valley fault,0.1,"<15,000",Unspecified,N,250,2215.16,2215.16,527185.7,4310133.2,1984,2838,0
128,Central Reveille fault zone,0.0001,"<1,600,000",W,N,250,88513.74,88513.74,565358.8,4209510.7,2990,3220,0
129,Central Reveille fault zone,0.0001,"<1,600,000",W,N,250,19236.39,19236.39,565083.0,4207332.9,3012,3217,0
132,Central Stone Cabin Valley fault,0.076,"<130,000",E,N,250,1771.98,1771.98,532167.8,4223574.0,2849,2888,0
133,Central Stone Cabin Valley fault,0.076,"<130,000",NW,N,250,1817.9,1817.9,528352.0,4217559.5,2909,2850,0
134,Central Stone Cabin Valley fault,0.076,"<130,000",SE,N,250,5387.19,5387.19,534027.1,4228845.6,2797,2906,0
135,Central Stone Cabin Valley fault,0.076,"<130,000",Unspecified,N,250,10597.86,10597.86,536548.7,4239297.0,2692,2931,0
136,Central Stone Cabin Valley fault,0.076,"<1,600,000",Unspecified,N,250,37873.69,37873.69,538304.0,4247396.2,2611,2949,0
137,Central Stone Cabin Valley fault,0.076,"<1,600,000",W,N,250,9522.46,9522.46,532978.5,4232054.8,2764,2896,0
138,Central Stone Cabin Valley fault,0.076,"<130,000",E,N,250,7734.93,7734.93,535114.0,4236009.2,2725,2917,0
139,Central Stone Cabin Valley fault,0.076,"<130,000",Unspecified,N,250,19428.34,19428.34,533300.0,4228063.0,2804,2899,0
140,Central Stone Cabin Valley fault,0.076,"<1,600,000",Unspecified,N,250,11259.2,11259.2,541905.4,4264594.6,2439,2985,0
141,Central Stone Cabin Valley fault,0.076,"<1,600,000",W,N,250,2781.75,2781.75,532336.2,4234157.5,2743,2889,0
142,Central Stone Cabin Valley fault,0.076,"<1,600,000",Unspecified,N,250,2354.85,2354.85,541243.3,4247185.9,2613,2978,0
149,Clan Alpine fault zone,0.15,"<130,000",SE,N,250,41502.16,41502.16,431860.2,4380884.0,1276,1885,0
150,Clayton Ridge fault,0.001,"<130,000",W,N,250,22773.21,22773.21,455432.1,4168847.2,3397,2120,1
151,Clayton Valley faults,0.076,"<750,000",NW,N,250,23685.06,23685.06,447065.1,4172683.2,3358,2037,1
152,Clayton Valley faults,0.076,"<750,000",NW,N,250,30134.69,30134.69,446868.0,4166369.3,3421,2035,1
153,Clayton-Montezuma Valley faults,0.001,"<1,600,000",Unspecified,N,250,22363.8,22363.8,459552.9,4171155.7,3373,2162,1
154,Clayton-Montezuma Valley faults,0.001,"<750,000",Unspecified,N,250,13032.18,13032.18,461887.7,4171499.0,3370,2185,1
166,"Cortez Mountains fault zone, middle section",0.1,"<15,000",NW,N,250,23604.44,23604.44,546712.0,4461137.4,474,3033,1
167,"Cortez Mountains fault zone, middle section",0.1,"<15,000",NW,N,250,11861.66,11861.66,545723.8,4460843.9,477,3023,1
168,"Cortez Mountains fault zone, northeast section",0.1,"<15,000",W,N,250,12630.68,12630.68,562435.5,4476579.6,319,3190,1
169,"Cortez Mountains fault zone, southwest section",0.1,"<1,600,000",NW,N,250,26535.65,26535.65,522609.6,4439081.6,694,2792,1
170,"Cortez Mountains fault zone, southwest section",0.1,"<15,000",NW,N,250,10226.78,10226.78,529644.5,4447446.7,611,2862,1
172,Crescent Dunes fault,0.076,"<130,000",Unspecified,N,250,3415.38,3415.38,474808.5,4246200.1,2623,2314,0
173,Crescent Dunes fault,0.076,"<130,000",Unspecified,N,250,91168.99,91168.99,472495.4,4236192.7,2723,2291,0
174,Crescent Dunes fault,0.076,"<130,000",W,N,250,12243.85,12243.85,473618.9,4232731.8,2758,2302,0
175,Crescent Dunes fault,0.076,"<1,600,000",Unspecified,N,250,7645.39,7645.39,476576.4,4233159.5,2753,2332,0
176,Crescent Dunes fault,0.076,"<130,000",Unspecified,N,250,28294.65,28294.65,472785.5,4240253.1,2682,2294,0
177,Crescent Dunes fault,0.076,"<130,000",W,N,250,5637.01,5637.01,475019.9,4232900.6,2756,2316,0
178,Crescent Dunes fault,0.076,"<1,600,000",Unspecified,N,250,15781.72,15781.72,479031.8,4223803.4,2847,2356,0
179,Crescent Valley faults,0.01,"<15,000",NW,N,250,20595.48,20595.48,544786.7,4468096.9,404,3014,1
183,Desatoya Mountains fault zone,0.05,"<15,000",SE,N,250,37561.09,37561.09,446144.4,4355382.2,1531,2027,0
184,Desatoya Mountains fault zone,0.05,"<15,000",SE,N,250,5823.08,5823.08,454006.2,4354296.8,1542,2106,0
189,"Dixie Valley fault zone, ""1954"" section",0.21,<150,Unspecified,N,250,101809.57,101809.57,400211.0,4390440.8,1181,1568,1
190,"Dixie Valley fault zone, ""1954"" section",0.21,<150,Unspecified,N,250,28920.93,28920.93,401906.8,4391005.7,1175,1585,1
191,"Dixie Valley fault zone, ""1954"" section",0.21,<150,Unspecified,N,250,37597.68,37597.68,396172.1,4366719.6,1418,1528,1
192,"Dixie Valley fault zone, ""1954"" section",0.21,<150,Unspecified,N,250,6430.64,6430.64,395569.3,4379660.1,1288,1522,1
197,Double Spring Flat fault zone,0.195,"<1,600,000",Unspecified,nan,250,8021.01,8021.01,273982.0,4298561.8,2099,306,0
198,Double Spring Flat fault zone,0.195,"<1,600,000",W,nan,250,364.61,364.61,274234.6,4297656.1,2108,308,0
199,Dry Hills faults,0.076,"<15,000",NW,N,250,11563.91,11563.91,548035.5,4481309.0,272,3046,1
200,Dry Hills faults,0.076,"<15,000",NW,N,250,13107.93,13107.93,546769.7,4477903.0,306,3034,1
204,Dry Moumtain fault,0.001,"<130,000",Unspecified,N,250,1833.66,1833.66,323049.1,4490723.7,178,796,1
205,Dry Moumtain fault,0.001,"<1,600,000",Unspecified,N,250,39338.06,33632.75,322279.1,4497994.1,105,789,1
206,Dry Moumtain fault,0.001,"<1,600,000",Unspecified,N,250,3618.0,1364.25,318362.2,4494125.4,144,750,1
207,Dry Valley-Smoke Creek Ranch fault zone,0.1,"<15,000",Unspecified,N,250,12401.11,12401.11,247188.8,4453682.2,548,38,0
208,Dry Valley-Smoke Creek Ranch fault zone,0.1,"<130,000",Unspecified,N,250,10732.91,10732.91,255635.9,4461830.9,467,122,0
209,Dry Valley-Smoke Creek Ranch fault zone,0.1,"<750,000",Unspecified,N,250,1204.09,1204.09,254220.8,4481040.4,275,108,0
210,Dry Valley-Smoke Creek Ranch fault zone,0.1,"<1,600,000",Unspecified,N,250,117721.31,117721.31,252964.2,4475349.6,332,96,0
211,Dry Valley-Smoke Creek Ranch fault zone,0.1,"<1,600,000",Unspecified,N,250,16997.7,16997.7,254980.8,4460286.5,482,116,0
226,East Carson Valley fault zone,0.195,"<15,000",Unspecified,N,250,5054.48,5054.48,270314.3,4300116.6,2084,269,0
227,East Carson Valley fault zone,0.195,"<15,000",Unspecified,N,250,53439.24,53439.24,266163.2,4316887.3,1916,228,0
228,East Carson Valley fault zone,0.195,"<15,000",E,N,250,2100.82,2100.82,264575.8,4319296.7,1892,212,0
229,East Carson Valley fault zone,0.195,"<15,000",W,N,250,430.45,430.45,267580.5,4307194.1,2013,242,0
230,East Carson Valley fault zone,0.195,"<15,000",E,N,250,12188.82,12188.82,266480.2,4312128.8,1964,231,0
231,East Carson Valley fault zone,0.195,"<15,000",NE,N,250,1591.92,1591.92,265759.0,4314093.3,1944,224,0
232,East Carson Valley fault zone,0.195,"<15,000",SE,N,250,4390.17,4390.17,270016.8,4299079.5,2094,266,0
233,East Carson Valley fault zone,0.195,"<15,000",Unspecified,N,250,279214.99,279214.99,268421.6,4313680.9,1948,250,0
234,East Carson Valley fault zone,0.195,"<15,000",W,N,250,1289.24,1289.24,271640.7,4298470.3,2100,282,0
235,East Carson Valley fault zone,0.195,"<15,000",E,N,250,10610.36,10610.36,265081.2,4313989.9,1945,217,0
236,East Carson Valley fault zone,0.195,"<15,000",NW,N,250,1187.06,1187.06,262851.7,4305886.6,2026,195,0
237,East Carson Valley fault zone,0.195,"<15,000",Unspecified,N,250,9343.23,9343.23,266224.4,4305931.7,2026,228,0
238,East Carson Valley fault zone,0.195,"<15,000",W,N,250,1727.93,1727.93,263690.3,4307992.3,2005,203,0
239,East Carson Valley fault zone,0.195,"<15,000",Unspecified,N,250,15027.91,15027.91,266866.9,4311395.3,1971,235,0
249,East Stone Cabin Valley fault,0.076,"<130,000",E,N,250,4067.8,4067.8,537314.9,4216334.1,2922,2939,0
250,East Stone Cabin Valley fault,0.076,"<130,000",NW,N,250,4770.15,4770.15,539053.5,4211445.3,2971,2957,0
251,East Stone Cabin Valley fault,0.076,"<130,000",Unspecified,N,250,42660.5,42660.5,533282.8,4202162.0,3063,2899,0
252,East Stone Cabin Valley fault,0.076,"<130,000",W,N,250,8007.72,8007.72,541124.2,4218713.1,2898,2977,0
253,East Stone Cabin Valley fault,0.076,"<130,000",NW,N,250,1598.89,1598.89,543454.9,4215498.5,2930,3001,0
254,East Stone Cabin Valley fault,0.076,"<130,000",Unspecified,N,250,20175.88,20175.88,541659.8,4216202.3,2923,2983,0
255,East Stone Cabin Valley fault,0.076,"<130,000",Unspecified,N,250,6818.14,6818.14,528363.6,4196768.2,3117,2850,0
256,East Tahoe fault,0.05,"<1,600,000",Unspecified,N,250,24490.55,24490.55,248133.5,4338150.3,1703,47,0
257,East Tahoe fault,0.05,"<1,600,000",W,N,250,35723.48,30452.33,244475.7,4330188.3,1783,11,0
260,Eastern Battle Mountain faults,0.001,"<1,600,000",E,N,250,9649.19,9649.19,493967.9,4490185.1,183,2506,1
262,Eastern Carson Sink fault zone,0.195,"<15,000",Unspecified,N,250,1194.25,1194.25,385603.6,4390370.7,1181,1422,1
263,Eastern Carson Sink fault zone,0.195,"<15,000",W,N,250,21150.36,21150.36,392401.1,4404021.3,1045,1490,1
264,Eastern Carson Sink fault zone,0.195,"<15,000",Unspecified,N,250,3213.25,3213.25,399328.6,4416218.3,923,1559,1
265,Eastern Columbus Salt Marsh fault,0.195,"<1,600,000",W,N,250,13664.5,13664.5,422917.9,4215974.0,2925,1795,1
266,Eastern Columbus Salt Marsh fault,0.195,"<1,600,000",Unspecified,N,250,16140.33,16140.33,423409.8,4217512.8,2910,1800,1
267,Eastern Dixie Valley fault,0.195,"<130,000",NE,N,250,48675.47,48675.47,433493.3,4409696.0,988,1901,0
268,Eastern Dixie Valley fault,0.195,"<130,000",NE,N,250,2632.18,2632.18,439436.9,4418983.6,895,1960,0
274,Eastern Edwards Creek Valley fault zone,0.1,"<130,000",NW,N,250,44696.14,44696.14,448701.6,4379873.7,1286,2053,0
275,Eastern Edwards Creek Valley fault zone,0.1,"<130,000",NW,N,250,11429.94,11429.94,442938.1,4374058.1,1344,1995,0
280,Eastern Humboldt Range fault zone,0.076,"<15,000",E,N,250,10785.37,10785.37,410697.9,4479894.7,286,1673,1
281,Eastern Humboldt Range fault zone,0.076,"<15,000",E,N,250,7674.96,7674.96,406809.2,4487807.5,207,1634,1
282,Eastern Humboldt Range fault zone,0.076,"<15,000",E,N,250,26486.56,26486.56,406521.9,4482233.4,263,1631,1
298,Eastern Monitor Range fault zone,0.1,"<130,000",E,N,250,24007.71,24007.71,531464.9,4265901.2,2426,2881,0
299,Eastern Monitor Range fault zone,0.1,"<130,000",SE,N,250,4340.07,4340.07,529273.3,4257522.0,2510,2859,0
300,Eastern Monitor Range fault zone,0.1,"<130,000",W,N,250,1896.18,1896.18,543128.2,4288701.2,2198,2997,0
301,Eastern Monitor Range fault zone,0.1,"<1,600,000",E,N,250,113974.33,113974.33,535968.4,4267886.5,2406,2926,0
302,Eastern Monitor Range fault zone,0.1,"<1,600,000",NW,N,250,6601.34,6601.34,547767.7,4300119.1,2084,3044,0
303,Eastern Monitor Range fault zone,0.1,"<1,600,000",SE,N,250,18963.07,18963.07,540180.8,4281429.3,2271,2968,0
304,Eastern Monitor Range fault zone,0.1,"<1,600,000",SW,N,250,2419.46,2419.46,524479.1,4231496.4,2770,2811,0
305,Eastern Monitor Range fault zone,0.1,"<1,600,000",W,N,250,13973.9,13973.9,536195.7,4259103.2,2494,2928,0
306,Eastern Monitor Range fault zone,0.1,"<130,000",SE,N,250,2823.59,2823.59,528017.7,4251315.8,2572,2846,0
307,Eastern Monitor Range fault zone,0.1,"<130,000",E,N,250,11272.6,11272.6,530200.9,4263226.0,2453,2868,0
308,Eastern Monitor Range fault zone,0.1,"<1,600,000",E,N,250,97032.02,97032.02,538110.2,4273864.3,2346,2947,0
309,Eastern Monitor Range fault zone,0.1,"<1,600,000",SE,N,250,7666.56,7666.56,525175.9,4244743.3,2638,2818,0
320,Eastern Prison Hill fault zone,0.195,"<15,000",NE,N,250,2352.64,2352.64,265409.5,4335428.5,1731,220,0
321,Eastern Pyramid Lake fault,1,"<130,000",W,N,250,9921.24,9921.24,285541.5,4452714.0,558,421,1
322,Eastern Pyramid Lake fault,1,"<130,000",W,N,250,7105.28,7105.28,286412.4,4442767.0,657,430,1
323,Eastern Pyramid Lake fault,1,"<130,000",W,N,250,15216.9,15216.9,286981.2,4431811.8,767,436,1
330,Eastern Simpson Park Mountains fault zone,0.01,"<750,000",SE,N,250,12394.94,12394.94,541524.2,4406336.3,1022,2981,0
331,Eastern Simpson Park Mountains fault zone,0.01,"<750,000",SE,N,250,10827.1,10827.1,540430.7,4400589.7,1079,2970,0
335,Eastgate fault,0.15,"<15,000",W,N,250,21585.03,21585.03,423767.9,4350500.8,1580,1804,0
338,Edna Mountain fault,0.195,"<130,000",NE,N,250,22318.85,9578.47,455159.3,4502027.1,65,2118,1
342,Emigrant Peak fault zone,0.76,"<15,000",W,N,250,44975.69,44975.69,417129.5,4188306.4,3202,1737,1
343,Emigrant Peak fault zone,0.76,"<15,000",NW,N,250,4373.5,4373.5,409501.4,4178367.7,3301,1661,1
344,Emigrant Peak fault zone,0.76,"<15,000",SE,N,250,588.7,588.7,408848.8,4173791.8,3347,1654,1
345,Emigrant Peak fault zone,0.76,"<15,000",SW,N,250,830.85,830.85,409397.7,4174596.0,3339,1660,1
346,Emigrant Peak fault zone,0.76,"<15,000",Unspecified,N,250,1165.04,1165.04,419818.6,4203539.3,3050,1764,1
347,Emigrant Peak fault zone,0.76,"<1,600,000",Unspecified,N,250,28070.75,28070.75,421311.4,4191033.3,3175,1779,1
348,Emigrant Peak fault zone,0.76,"<15,000",Unspecified,N,250,1149.81,1149.81,414901.9,4183409.0,3251,1715,1
349,Emigrant Peak fault zone,0.76,"<1,600,000",Unspecified,N,250,4234.03,4234.03,420960.6,4191437.9,3171,1776,1
364,Fish Creek basin faults,0.0001,"<1,600,000",Unspecified,N,250,17159.7,17159.7,474086.5,4450296.9,582,2307,1
365,"Fish Lake Valley fault zone, Cucomongo section",3,"<15,000",E,RL,250,1003.91,1003.91,416315.8,4158707.2,3498,1729,1
366,Fox Range fault zone,0.1,"<15,000",W,N,250,6366.78,6366.78,279476.3,4487710.8,208,361,1
367,Fox Range fault zone,0.1,"<15,000",W,N,250,18278.96,18278.96,277320.2,4475360.8,331,339,1
368,Freds Mountain fault,0.064,"<130,000",Unspecified,N,250,4552.15,4552.15,255875.9,4407109.6,1014,125,1
369,Freds Mountain fault,0.064,"<130,000",Unspecified,N,250,20788.91,20788.91,255854.4,4399951.8,1085,125,0
370,Freds Mountain fault,0.064,"<130,000",Unspecified,N,250,1298.78,1298.78,257598.0,4408564.3,999,142,1
371,Freds Mountain fault,0.064,"<130,000",Unspecified,N,250,5417.5,5417.5,257411.6,4408407.2,1001,140,1
372,Freds Mountain fault,0.064,"<130,000",Unspecified,N,250,14043.69,14043.69,256069.0,4402101.2,1064,127,0
373,Gabbs Valley fault zone,0.195,<150,Unspecified,N,250,8481.9,8481.9,411488.3,4295042.9,2135,1681,1
374,Gabbs Valley fault zone,0.195,<150,W,N,250,6216.99,6216.99,414979.2,4298778.3,2097,1716,1
375,Gabbs Valley fault zone,0.195,"<1,600,000",Unspecified,N,250,15414.6,15414.6,410131.1,4295141.0,2134,1667,1
376,Gabbs Valley fault zone,0.195,"<1,600,000",Unspecified,N,250,6694.91,6694.91,409878.0,4294985.0,2135,1665,1
377,General Thomas Hills faults,0.0001,"<1,600,000",Unspecified,N,250,14047.51,14047.51,467123.7,4199728.5,3088,2237,1
378,Gerlach fault zone,0.01,"<15,000",SE,N,250,2369.24,1615.9,301119.3,4507734.8,8,577,0
379,Gerlach fault zone,0.01,"<15,000",SE,N,250,5441.65,1912.45,300294.8,4505847.0,27,569,0
382,Gold Flat faults,0.001,"<750,000",Unspecified,N,250,8684.3,8684.3,535135.9,4147840.1,3607,2917,0
383,Gold Flat faults,0.001,"<750,000",Unspecified,N,250,11866.39,11866.39,538183.9,4144297.0,3642,2948,0
384,Gold King fault,0.195,<150,Unspecified,RL,250,10855.6,10855.6,405818.7,4366701.1,1418,1624,1
385,Gold King fault,0.195,"<1,600,000",Unspecified,RL,250,5629.48,5629.48,406635.9,4368736.6,1398,1632,1
399,Granite Springs Valley fault zone,0.205,"<15,000",E,N,250,44892.59,44892.59,328312.6,4449764.3,587,849,1
400,Granite Springs Valley fault zone,0.205,"<15,000",E,N,250,20494.52,20494.52,328383.1,4441796.5,667,850,1
401,Granite Springs Valley fault zone,0.205,"<15,000",E,N,250,898.27,898.27,324592.4,4431782.5,767,812,1
402,Granite Springs Vally fault zone,0.205,"<15,000",Unspecified,N,250,8058.54,8058.54,326458.6,4426825.9,817,831,1
405,Grass Valley fault zone,0.195,"<130,000",W,N,250,83523.85,52339.19,446307.8,4494538.9,140,2029,1
406,Grimes Hills fault,0.018,"<130,000",E,N,250,18538.04,18538.04,532910.0,4363298.2,1452,2895,0
407,Grimes Hills fault,0.018,"<130,000",E,N,250,9276.72,9276.72,531665.3,4368170.0,1403,2883,0
409,Gumdrop Hills fault zone,0.9,"<130,000",SW,RL,250,27217.39,27217.39,384673.2,4282823.5,2257,1413,1
410,Gumdrop Hills fault zone,0.9,"<130,000",SW,RL,250,29794.17,29794.17,373532.5,4296215.0,2123,1301,1
411,Gumdrop Hills fault zone,0.9,"<130,000",SW,RL,250,8005.18,8005.18,382269.4,4285415.9,2231,1389,1
412,Gumdrop Hills fault zone,0.9,"<130,000",SW,RL,250,6705.74,6705.74,362800.6,4307881.2,2006,1194,1
414,Hickison Summit fault zone,0.069,"<130,000",E,N,250,98954.69,98954.69,525917.0,4357845.7,1507,2825,0
415,Hickison Summit fault zone,0.069,"<130,000",E,N,250,47541.97,47541.97,525621.3,4356629.0,1519,2822,0
438,Hot Springs fault zone,0.1,"<130,000",Unspecified,N,250,3393.39,3393.39,398784.3,4312280.2,1962,1554,1
439,Hot Springs fault zone,0.1,"<130,00",Unspecified,N,250,7722.83,7722.83,397567.7,4310104.6,1984,1542,1
440,Hot Springs fault zone,0.1,"<130,000",Unspecified,N,250,30830.85,30830.85,391778.4,4305369.7,2031,1484,1
441,Hot Springs fault zone,0.1,"<130,000",Unspecified,N,250,1859.16,1859.16,397343.9,4309556.2,1989,1539,1
442,Hot Springs Mountain fault zone,0.005,"<15,000",SE,N,250,23197.86,23197.86,334924.4,4399571.5,1089,915,1
443,Hot Springs Mountain fault zone,0.005,"<1,600,000",SE,N,250,58787.76,58787.76,332240.1,4396498.4,1120,888,1
444,Hot Springs Mountain fault zone,0.005,"<15,000",SE,N,250,3337.37,3337.37,323702.7,4379345.3,1292,803,1
445,Hot Springs Mountain fault zone,0.005,"<1,600,000",SE,N,250,6542.47,6542.47,327332.2,4392235.4,1163,839,1
446,Hot Springs fault zone,0.1,<150,Unspecified,N,250,10451.97,10451.97,400013.6,4321245.2,1873,1566,1
447,Hot Springs fault zone,0.1,"<130,000",Unspecified,N,250,3635.47,3635.47,400578.3,4322184.5,1863,1572,1
448,Hulligan Mesa fault,0.001,"<130,000",NW,N,250,5878.18,4706.43,568371.6,4264602.9,2439,3250,0
449,Hulligan Mesa fault,0.001,"<130,000",NW,N,250,17770.24,12103.82,569884.8,4263631.8,2449,3265,0
450,Huntoon Valley fault system,0.124,"<15,000",Unspecified,LL,250,2782.96,2782.96,373987.8,4233956.8,2745,1306,0
451,Huntoon Valley fault system,0.124,"<15,000",NE,LL,250,465.87,465.87,367033.6,4227709.0,2808,1236,0
452,Huntoon Valley fault system,0.124,"<15,000",SE,LL,250,1561.65,1561.65,360347.0,4222012.0,2865,1169,0
453,Huntoon Valley fault system,0.124,"<15,000",Unspecified,LL,250,10778.38,10778.38,358362.6,4215474.2,2930,1150,0
454,Incline Village fault,0.3,"<15,000",Unspecified,N,250,14395.62,11227.55,244436.5,4345945.6,1626,10,0
455,Incline Village fault,0.3,"<15,000",Unspecified,N,250,2023.57,2023.57,245506.7,4350861.6,1576,21,0
463,Indian Head fault,0.8,"<15,000",SW,RL,250,3770.85,3770.85,383999.5,4273295.9,2352,1406,1
464,Indian Head fault,0.8,"<15,000",SW,RL,250,8557.15,8557.15,383249.9,4274325.9,2342,1398,1
465,Indian Hill fault,0.124,"<15,000",SE,N,250,8056.31,8056.31,258508.6,4328479.7,1800,151,0
466,Indian Hill fault,0.124,"<15,000",Unspecified,N,250,4345.3,4345.3,259069.6,4330361.4,1781,157,0
467,Indian Hill fault,0.124,"<15,000",E,N,250,2575.01,2575.01,258812.5,4328359.6,1801,154,0
468,Ione Valley fault,0.1,"<130,000",Unspecified,N,250,11949.85,11949.85,453368.4,4334405.1,1741,2100,0
469,Ione Valley fault,0.1,"<130,000",NW,N,250,5661.58,5661.58,445863.1,4288483.0,2200,2025,0
470,Ione Valley fault,0.1,"<130,000",W,N,250,12838.44,12838.44,447868.2,4296683.2,2118,2045,0
471,Ione Valley fault,0.1,"<130,000",E,N,250,8743.02,8743.02,444245.4,4291050.7,2174,2008,0
472,Ione Valley fault,0.1,"<130,000",NW,N,250,9151.52,9151.52,444617.6,4288506.6,2200,2012,0
473,Ione Valley fault,0.1,"<130,000",SE,N,250,7274.13,7274.13,442215.1,4289131.4,2194,1988,0
474,Ione Valley fault,0.1,"<130,000",Unspecified,N,250,28168.86,28168.86,447702.4,4309726.9,1988,2043,0
475,Ione Valley fault,0.1,"<130,000",W,N,250,23234.42,23234.42,447414.4,4298969.3,2095,2040,0
476,Ione Valley fault,0.1,"<130,000",Unspecified,N,250,28419.41,28419.41,443478.0,4279336.0,2292,2001,0
477,Iron Mountain fault,0.076,"<1,600,000",W,N,250,18469.43,18469.43,464059.0,4361981.4,1465,2207,0
486,Jersey Valley fault zone,0.1,"<130,000",W,N,250,33211.46,33211.46,457359.1,4444955.3,635,2140,1
491,Kamma Mountains fault zone,0.001,"<1,600,000",Unspecified,N,250,54009.86,4437.23,347547.8,4504403.0,41,1041,1
495,Kawich Range fault,0.0001,"<1,600,000",W,N,250,1811.39,1811.39,557528.2,4151952.8,3565,3141,0
496,Kawich Range fault,0.0001,"<1,600,000",W,N,250,5424.53,5424.53,557695.4,4153086.1,3554,3143,0
497,Kawich Range fault,0.0001,"<1,600,000",W,N,250,38308.6,37269.56,555444.0,4150476.1,3580,3120,0
498,Kawich Valley fault,0.0001,"<1,600,000",SE,N,250,1736.21,1667.78,572071.5,4174002.0,3345,3287,0
499,Kawich Valley fault,0.0001,"<1,600,000",SE,N,250,19551.22,18523.12,568053.3,4164008.4,3445,3247,0
500,Kawich-Hot Creek Ranges fault zone,0.205,"<130,000",E,N,250,67964.42,67964.42,556800.8,4249920.9,2586,3134,0
501,Kawich-Hot Creek Ranges fault zone,0.205,"<130,000",N,N,250,2710.43,2710.43,562358.3,4264022.8,2445,3190,0
502,Kawich-Hot Creek Ranges fault zone,0.205,"<130,000",NW,N,250,5813.36,5813.36,569377.2,4277699.6,2308,3260,0
503,Kawich-Hot Creek Ranges fault zone,0.205,"<130,000",S,N,250,4821.92,4821.92,558438.6,4266554.4,2419,3150,0
504,Kawich-Hot Creek Ranges fault zone,0.205,"<130,000",SE,N,250,12286.55,12286.55,560872.5,4268106.1,2404,3175,0
505,Kawich-Hot Creek Ranges fault zone,0.205,"<130,000",Unspecified,N,250,106475.18,106475.18,559627.5,4242001.7,2665,3162,0
506,Kawich-Hot Creek Ranges fault zone,0.205,"<130,000",W,N,250,4268.7,4268.7,551836.1,4259772.3,2487,3084,0
507,Kawich-Hot Creek Ranges fault zone,0.205,"<130,000",E,N,250,10909.66,10909.66,566045.2,4278183.9,2303,3226,0
508,Kawich-Hot Creek Ranges fault zone,0.205,"<130,000",SE,N,250,5241.91,5241.91,563216.9,4271624.8,2369,3198,0
509,Kawich-Hot Creek Ranges fault zone,0.205,"<130,000",Unspecified,N,250,46297.91,46297.91,559858.7,4254705.9,2538,3165,0
510,Kings Canyon fault zone,1.74,"<15,000",Unspecified,N,250,36714.09,36714.09,257885.6,4339508.8,1690,145,0
511,Kings Canyon fault zone,1.74,"<15,000",Unspecified,N,250,5196.35,5196.35,257693.2,4341866.5,1666,143,0
512,Kings Canyon fault zone,1.74,"<15,000",Unspecified,N,250,5573.61,5573.61,258919.0,4340170.6,1683,155,0
517,Kumiva Valley fault zone,0.001,"<15,000",SE,N,250,1987.63,1987.63,327222.7,4478493.9,300,838,1
518,Kumiva Valley fault zone,0.001,"<15,000",SE,N,250,4355.37,4355.37,318711.9,4472451.2,360,753,1
519,Kumiva Valley fault zone,0.001,"<15,000",SE,N,250,43816.08,43816.08,320294.1,4476826.4,317,769,1
520,Kumiva Valley fault zone,0.001,"<15,000",SE,N,250,792.37,792.37,327692.1,4480545.9,280,843,1
523,Lida faults,0.001,"<1,600,000",Unspecified,N,250,21718.04,21718.04,453568.0,4142741.7,3658,2102,0
525,Little Fish Lake Valley fault,0.1,"<1,600,000",E,N,250,3547.99,3547.99,554902.8,4289439.2,2191,3115,0
526,Little Fish Lake Valley fault,0.1,"<1,600,000",NW,N,250,2902.75,2902.75,558723.6,4302667.1,2058,3153,0
527,Little Fish Lake Valley fault,0.1,"<1,600,000",W,N,250,21335.98,21335.98,556280.6,4293495.1,2150,3129,0
528,Little Fish Lake Valley fault,0.1,"<1,600,000",E,N,250,5920.19,5920.19,549831.4,4279747.5,2288,3064,0
529,Little Fish Lake Valley fault,0.1,"<1,600,000",NW,N,250,8741.53,8741.53,552293.9,4280921.5,2276,3089,0
530,Little Fish Lake Valley fault,0.1,"<1,600,000",W,N,250,31694.72,31694.72,558528.4,4301809.1,2067,3151,0
531,Little Valley fault,0.195,"<15,000",Unspecified,N,250,16246.76,16246.76,252185.4,4351864.0,1566,88,0
532,Little Valley fault,0.195,"<15,000",Unspecified,N,250,4650.55,4650.55,253733.6,4353437.7,1551,103,0
533,Little Valley fault,0.195,"<15,000",Unspecified,N,250,7935.67,7935.67,251563.1,4347506.7,1610,82,0
534,Little Valley fault,0.195,"<15,000",Unspecified,N,250,1897.72,1897.72,249866.9,4346933.2,1616,65,0
535,Lone Mountain fault zone,0.36,"<15,000",N,N,250,1307.07,1307.07,449313.2,4211031.7,2975,2059,1
536,Lone Mountain fault zone,0.36,"<15,000",NW,N,250,9267.88,9267.88,450420.7,4210262.9,2982,2070,1
537,Lone Mountain fault zone,0.36,"<15,000",Unspecified,N,250,68982.41,68982.41,454986.2,4216359.2,2921,2116,1
538,Lone Mountain fault zone,0.36,"<15,000",W,N,250,7742.79,7742.79,450899.0,4210719.7,2978,2075,1
539,Lone Mountain fault zone,0.36,"<15,000",Unspecified,N,250,1782.2,1782.2,450908.8,4211343.9,2972,2075,1
540,Lone Mountain fault zone,0.36,"<15,000",Unspecified,N,250,17687.25,17687.25,444734.2,4202552.2,3059,2013,1
541,Lone Mountain fault zone,0.36,"<15,000",Unspecified,N,250,4469.3,4469.3,460584.0,4221408.3,2871,2172,1
542,Lone Mountain fault zone,0.36,"<15,000",Unspecified,N,250,7888.67,7888.67,454322.0,4212291.4,2962,2109,1
543,Lone Mountain faults,0.0001,"<1,600,000",Unspecified,N,250,19543.42,19543.42,565312.6,4381919.9,1266,3219,0
544,Louderback Mountains fault,0.195,<150,Unspecified,RL,250,12744.55,12744.55,403621.1,4361082.3,1474,1602,1
545,Louderback Mountains fault,0.195,"<1,600,000",Unspecified,RL,250,812.87,812.87,401060.4,4360937.9,1476,1577,1
546,Louderback Mountains fault,0.195,"<1,600,000",Unspecified,RL,250,1511.13,1511.13,401444.5,4362039.9,1465,1580,1
547,Marys Mountain fault,0.0001,"<1,600,000",E,N,250,23876.06,15594.91,563043.3,4502611.8,59,3196,1
558,McAfee Canyon fault,0.52,"<15,000",W,N,250,11785.46,11785.46,415223.4,4169343.2,3392,1718,1
566,Mexican Butte fault,0.076,"<1,600,000",E,N,250,5118.46,5118.46,503428.2,4238466.6,2700,2600,0
567,Mexican Butte fault,0.076,"<1,600,000",Unspecified,N,250,9050.04,9050.04,504879.7,4249642.6,2589,2615,0
568,Mexican Butte fault,0.076,"<1,600,000",W,N,250,6452.36,6452.36,505412.3,4247240.7,2613,2620,0
569,Mexican Butte fault,0.076,"<1,600,000",Unspecified,N,250,12287.56,12287.56,507256.0,4253633.5,2549,2639,0
580,Middlegate fault zone,0.1,"<130,000",W,N,250,37479.27,37479.27,415532.0,4360532.5,1480,1721,1
581,Midway Hills fault,0.076,"<1,600,000",E,N,250,3305.61,3305.61,485799.7,4231510.2,2770,2424,0
582,Midway Hills fault,0.076,"<1,600,000",NW,N,250,1502.11,1502.11,487063.7,4242511.5,2660,2437,0
583,Midway Hills fault,0.076,"<1,600,000",Unspecified,N,250,56313.59,56313.59,487490.9,4233153.7,2753,2441,0
584,Midway Hills fault,0.076,"<1,600,000",W,N,250,4612.79,4612.79,486131.8,4239716.5,2688,2427,0
585,Midway Hills fault,0.076,"<1,600,000",E,N,250,9067.55,9067.55,487111.1,4242763.9,2657,2437,0
586,Midway Hills fault,0.076,"<1,600,000",Unspecified,N,250,18582.25,18582.25,488257.1,4237486.9,2710,2449,0
587,Midway Hills fault,0.076,"<1,600,000",W,N,250,4596.59,4596.59,487515.4,4241003.4,2675,2441,0
588,Monitor Hills East fault,0.001,"<1,600,000",Unspecified,N,250,17774.17,17774.17,512747.0,4200814.2,3077,2693,0
589,Monitor Hills West fault,0.001,"<1,600,000",W,N,250,6191.7,6191.7,507224.1,4201047.0,3075,2638,0
590,Monitor Hills West fault,0.001,"<1,600,000",W,N,250,16140.28,16140.28,507987.1,4198308.5,3102,2646,0
596,Monte Cristo Valley fault zone,0.45,<150,E,RL,250,2955.05,2955.05,426552.7,4254192.9,2543,1832,1
597,Monte Cristo Valley fault zone,0.45,<150,NW,RL,250,1150.13,1150.13,426924.7,4258451.7,2500,1835,1
598,Monte Cristo Valley fault zone,0.45,<150,SW,RL,250,3277.67,3277.67,427218.3,4248914.7,2596,1838,1
599,Monte Cristo Valley fault zone,0.45,<150,Unspecified,RL,250,11402.42,11402.42,424113.3,4256850.5,2516,1807,1
600,Monte Cristo Valley fault zone,0.45,<150,W,RL,250,9088.34,9088.34,426009.2,4253815.3,2547,1826,1
601,Monte Cristo Valley fault zone,0.45,"<15,000",Unspecified,RL,250,7846.3,7846.3,430347.5,4243097.3,2654,1869,1
602,Monte Cristo Valley fault zone,0.45,"<15,000",Unspecified,RL,250,3585.63,3585.63,426035.7,4255055.3,2534,1826,1
603,Monte Cristo Valley fault zone,0.45,"<15,000",E,RL,250,2348.23,2348.23,426197.1,4248630.6,2599,1828,1
604,Monte Cristo Valley fault zone,0.45,"<15,000",Unspecified,RL,250,57575.62,57575.62,424834.0,4256124.5,2524,1814,1
605,Monte Cristo Valley fault zone,0.45,"<15,000",W,RL,250,1385.25,1385.25,426321.6,4258985.5,2495,1829,1
606,Montezuma Range fault,0.001,"<750,000",NW,N,250,26397.49,26397.49,461378.7,4166495.2,3420,2180,1
607,Montezuma Range fault,0.001,"<1,600,000",NW,N,250,4770.35,4770.35,454277.0,4159424.8,3491,2109,1
608,Montezuma Range fault,0.001,"<750,000",NW,N,250,16095.0,16095.0,461781.6,4167254.1,3412,2184,1
609,Mount Callaghan faults,0.076,"<130,000",Unspecified,N,250,28769.06,28769.06,508943.0,4390811.0,1177,2655,0
610,Mount Callaghan faults,0.076,"<130,000",Unspecified,N,250,10988.67,10988.67,511623.4,4392121.2,1164,2682,0
613,Mount Rose fault zone,1.5,"<15,000",Unspecified,N,250,36737.94,36737.94,256286.3,4357282.6,1512,129,0
614,Mount Rose fault zone,1.5,"<15,000",Unspecified,N,250,26368.15,26368.15,257568.4,4362838.6,1457,142,0
615,Mount Rose fault zone,1.5,"<15,000",Unspecified,N,250,19607.64,19607.64,257576.6,4362310.8,1462,142,0
616,Mount Rose fault zone,1.5,"<15,000",Unspecified,N,250,190942.33,190942.33,257911.8,4367126.5,1414,145,0
617,Mount Rose fault zone,1.5,"<15,000",Unspecified,N,250,3431.9,3431.9,258489.7,4376731.2,1318,151,0
618,Mount Rose fault zone,1.5,"<15,000",Unspecified,N,250,3887.98,3887.98,256144.1,4354697.8,1538,127,0
620,Mud Lake-Goldfield Hills fault,0.001,"<1,600,000",Unspecified,N,250,37027.13,37027.13,487869.6,4189756.2,3187,2445,0
623,New Empire fault zone,0.1,"<750,000",Unspecified,N,250,11279.62,11279.62,264198.7,4338685.4,1698,208,0
624,New Empire fault zone,0.1,"<750,000",Unspecified,N,250,8151.52,8151.52,264883.2,4339782.9,1687,215,0
630,Nightingale Mountains fault zone,0.001,"<1,600,000",W,N,250,31373.33,31373.33,305718.1,4447299.8,612,623,1
631,Nightingale Mountains fault zone,0.001,"<1,600,000",W,N,250,5295.29,5295.29,306592.6,4436981.4,715,632,1
645,North Peavine Mountain fault zone,1.005,"<15,000",NE,N,250,3060.29,3060.29,249121.9,4387968.7,1205,57,0
646,North Peavine Mountain fault zone,1.005,"<15,000",NE,N,250,11249.92,11249.92,250607.8,4389236.0,1193,72,0
647,North Peavine Mountain fault zone,1.005,"<1,600,000",NE,N,250,37449.2,32424.33,251337.8,4388353.8,1201,79,0
648,North Peavine Mountain fault zone,1.005,"<15,000",NE,N,250,4178.19,3093.4,244140.0,4392717.1,1158,7,0
650,North Tahoe fault,0.5,"<15,000",Unspecified,N,250,3006.2,1140.56,244841.0,4356389.1,1521,14,0
651,North Tahoe fault,0.5,"<15,000",Unspecified,N,250,7928.85,2178.48,243836.1,4353036.3,1555,4,0
653,North Tahoe fault,0.5,"<15,000",Unspecified,N,250,2374.55,910.63,243504.6,4350255.8,1582,1,0
659,Northern Fish Creek Mountains faults,0.001,"<130,000",E,N,250,6083.13,6083.13,478211.7,4469592.5,389,2348,1
660,Northern Fish Creek Mountains faults,0.001,"<130,000",E,N,250,5104.42,5104.42,481442.0,4476114.6,324,2380,1
666,Northern Monitor Valley fault,0.018,"<15,000",Unspecified,N,250,79255.55,79255.55,533360.5,4343845.4,1647,2900,0
667,Northern Monitor Valley fault,0.018,"<15,000",Unspecified,N,250,40055.49,40055.49,531729.8,4342609.0,1659,2883,0
668,Northern Roberts Mountains fault,0.1,"<750,000",NW,N,250,22943.93,22943.93,558368.4,4421630.4,869,3150,0
669,Northern Simpson Park Mountains fault zone,0.1,"<1,600,000",N,N,250,1726.38,1726.38,552977.8,4436264.4,722,3096,1
670,Northern Simpson Park Mountains fault zone,0.1,"<1,600,000",N,N,250,15167.98,15167.98,549634.4,4435225.1,733,3062,1
671,Northern Simpson Park Mountains fault zone,0.1,"<1,600,000",N,N,250,2616.88,2616.88,552233.7,4435094.6,734,3088,1
676,Northern Virginia Range fault,0.001,"<1,600,000",Unspecified,N,250,1663.82,1663.82,273478.6,4374745.7,1338,301,1
677,Northern Virginia Range fault,0.001,"<1,600,000",NW,N,250,5772.94,5772.94,270885.4,4372586.5,1359,275,1
682,Olinghouse fault zone,0.29,<150,Unspecified,LL,250,14220.18,14220.18,287984.1,4386338.3,1222,446,1
683,Olinghouse fault zone,0.29,"<15,000",Unspecified,LL,250,17193.19,17193.19,294671.3,4391889.4,1166,513,1
690,Palisade Mesa fault,0.076,"<1,600,000",Unspecified,N,250,36792.88,1693.6,571936.8,4253313.2,2552,3285,0
692,Palisade Mesa fault,0.076,"<1,600,000",SW,N,250,981.27,217.03,572485.1,4257900.0,2506,3291,0
696,Palisade Mesa fault,0.076,"<1,600,000",W,N,250,14262.29,6999.46,571552.6,4249256.7,2592,3282,0
697,Palmetto Mountains-Jackson Wash fault,0.001,"<130,000",Unspecified,N,250,1092.04,1092.04,463252.8,4148498.1,3600,2199,0
698,Palmetto Mountains-Jackson Wash fault,0.001,"<130,000",Unspecified,N,250,5123.29,5123.29,465174.0,4156201.7,3523,2218,0
699,Paradise Range fault zone,0.1,"<130,000",Unspecified,N,250,15931.42,15931.42,429557.5,4318328.8,1902,1862,0
700,Paradise Range fault zone,0.1,"<130,000",W,N,250,12332.0,12332.0,422901.7,4300421.8,2081,1795,1
701,Paradise Range fault zone,0.1,"<130,000",E,N,250,3723.74,3723.74,421618.8,4305798.3,2027,1782,1
702,Paradise Range fault zone,0.1,"<130,000",NW,N,250,13262.82,13262.82,422677.3,4307086.9,2014,1793,1
703,Paradise Range fault zone,0.1,"<130,000",NW,N,250,4389.25,4389.25,420611.4,4302482.4,2060,1772,1
704,Paradise Range fault zone,0.1,"<130,000",Unspecified,N,250,4456.36,4456.36,428662.2,4311651.9,1968,1853,0
705,Paradise Range fault zone,0.1,"<130,000",W,N,250,2263.99,2263.99,419749.8,4299368.6,2091,1763,1
707,Park Range fault,0.076,"<1,600,000",Unspecified,N,250,61279.0,8463.66,569951.4,4335654.5,1728,3266,0
709,Park Range fault,0.076,"<1,600,000",Unspecified,N,250,30506.98,15396.66,569896.0,4330610.5,1779,3265,0
712,Paymaster Ridge fault,0.001,"<130,000",W,N,250,21135.16,21135.16,461066.2,4201322.7,3072,2177,1
713,Paymaster Ridge fault,0.001,"<130,000",W,N,250,23777.85,23777.85,459955.6,4198346.6,3102,2166,1
717,Peterson Mountain fault,0.06,"<130,000",E,N,250,5260.37,5260.37,245373.4,4399764.6,1087,20,0
718,Peterson Mountain fault,0.06,"<130,000",Unspecified,N,250,7086.39,7086.39,247609.9,4408666.7,998,42,0
719,Peterson Mountain fault,0.06,"<130,000",E,N,250,30876.77,30876.77,247107.5,4412269.9,962,37,1
726,"Pinon Range fault zone, southern section",0.001,"<1,600,000",W,N,250,52087.92,16429.04,570113.2,4442000.7,665,3267,1
728,"Pleasant Valley fault zone, China Mountain section",0.195,<150,W,N,250,19541.44,19541.44,459049.7,4493441.0,151,2156,1
729,"Pleasant Valley fault zone, Pearce section",0.1,<150,W,N,250,44062.13,44062.13,446656.4,4460239.4,483,2033,1
730,"Pleasant Valley fault zone, Sou Hills section",0.195,<150,NW,N,250,29873.98,29873.98,437957.6,4447531.1,610,1946,1
731,"Pleasant Valley fault zone, Tobin section",0.195,<150,W,N,250,30151.96,30151.96,453768.7,4482491.2,260,2104,1
749,Pyramid Lake fault zone,1.14,"<15,000",Unspecified,RL,250,92382.08,92382.08,300366.6,4399793.4,1087,570,1
750,Pyramid Lake fault zone,1.14,"<1,600,000",Unspecified,RL,250,50673.91,50673.91,304676.9,4383834.2,1247,613,1
774,Rainbow Mountain fault zone,0.19,<150,Unspecified,RL,250,192388.42,192388.42,369268.7,4396051.7,1124,1259,1
775,Rainbow Mountain fault zone,0.19,"<15,000",Unspecified,RL,250,19430.09,19430.09,367332.0,4390477.6,1180,1239,1
776,Rainbow Mountain fault zone,0.19,<150,Unspecified,RL,250,29865.76,29865.76,373088.7,4384349.2,1242,1297,1
777,Rainbow Mountain fault zone,0.19,"<15,000",Unspecified,RL,250,8801.45,8801.45,369488.1,4418969.8,895,1261,1
778,Rattlesnake Flat fault zone,0.195,"<15,000",Unspecified,LL,250,1537.33,1537.33,384605.5,4245758.7,2627,1412,0
779,Rattlesnake Flat fault zone,0.195,"<15,000",Unspecified,LL,250,13626.72,13626.72,378225.8,4243991.8,2645,1348,0
780,Rattlesnake Flat fault zone,0.195,"<15,000",Unspecified,LL,250,1466.65,1466.65,372958.4,4242394.8,2661,1296,0
781,Ravenswood fault zone,0.076,"<130,000",SE,N,250,84968.32,84968.32,484427.7,4401973.9,1065,2410,0
782,Ravenswood fault zone,0.076,"<130,000",SE,N,250,6793.88,6793.88,486234.7,4397753.7,1107,2428,0
783,Red Butte faults,0.076,"<130,000",Unspecified,N,250,96036.28,96036.28,473519.3,4412743.7,958,2301,0
784,Red Butte faults,0.076,"<130,000",Unspecified,N,250,10031.06,10031.06,472790.0,4420567.9,879,2294,0
796,SW Warm Springs Valley fault,0.001,"<1,600,000",Unspecified,N,250,6422.57,6422.57,278899.3,4401027.6,1075,355,1
797,SW Warm Springs Valley fault,0.001,"<1,600,000",Unspecified,N,250,13343.32,13343.32,276509.4,4403226.5,1053,331,1
798,SW Warm Springs Valley fault,0.001,"<1,600,000",Unspecified,N,250,18917.83,18917.83,273719.9,4404635.2,1039,303,1
801,Sage Valley fault zone,0.076,"<130,000",Unspecified,N,250,11317.22,11317.22,356679.1,4474109.5,344,1133,1
802,Sage Valley fault zone,0.076,"<1,600,000",Unspecified,N,250,50496.37,50496.37,353760.7,4468401.4,401,1104,1
803,Sagouse fault zone,0.076,"<15,000",Unspecified,N,250,9059.05,9059.05,350626.7,4382070.9,1264,1072,1
804,Sagouse fault zone,0.076,"<15,000",Unspecified,N,250,10059.14,10059.14,340460.5,4386167.4,1223,971,1
805,Sagouse fault zone,0.076,"<15,000",Unspecified,N,250,14060.0,14060.0,350760.8,4378302.9,1302,1074,1
806,Sagouse fault zone,0.076,"<15,000",Unspecified,N,250,6260.04,6260.04,345427.3,4384447.2,1241,1020,1
807,San Emidio fault zone,0.205,"<15,000",W,N,250,10236.68,10236.68,293209.6,4461138.3,474,498,1
808,San Emidio fault zone,0.205,"<15,000",W,N,250,19341.61,19341.61,295456.0,4471366.9,371,521,1
809,San Emidio fault zone,0.205,"<15,000",W,N,250,18672.57,18672.57,294301.0,4461754.3,467,509,1
810,Sand Springs Range fault,0.45,"<15,000",E,N,250,10374.13,10374.13,385380.9,4333896.6,1746,1420,1
811,Sand Springs Range fault,0.45,"<15,000",Unspecified,N,250,5014.3,5014.3,389098.9,4341569.2,1669,1457,1
812,Sand Springs Range fault,0.45,"<15,000",Unspecified,N,250,16805.88,16805.88,391145.7,4350925.9,1576,1477,1
813,Sand Springs Range fault,0.45,"<15,000",E,N,250,7395.52,7395.52,387948.7,4357300.6,1512,1445,1
855,Selenite Range fault zone,0.1,"<1,600,000",W,N,250,22412.66,22412.66,304889.3,4476350.3,321,615,1
856,Seven Troughs Range fault zone,0.1,"<1,600,000",E,N,250,26626.33,26626.33,349729.5,4479264.3,292,1063,1
858,Sheep Creek Range western faults,0.076,"<130,000",W,N,250,40433.67,10498.15,510608.5,4506207.8,23,2672,1
859,Sheep Creek Range western faults,0.076,"<130,000",W,N,250,2439.4,1208.17,510162.6,4507761.1,7,2668,1
860,Sheep Creek Range western faults,0.076,"<130,000",W,N,250,117.07,117.07,510092.8,4507202.7,13,2667,1
862,Shoshone Range fault zone,0.1,"<15,000",NW,N,250,220320.32,200136.45,507520.9,4476212.3,323,2641,1
863,Shoshone Range fault zone,0.1,"<15,000",NW,N,250,32351.06,32351.06,500363.4,4459195.1,493,2570,1
875,Silver Peak Range fault,0.0001,"<1,600,000",NW,N,250,6455.32,6455.32,427774.4,4177181.7,3313,1844,1
876,Simpson Park Mountains fault zone,0.26,"<15,000",W,N,250,93145.86,93145.86,532448.4,4411730.6,968,2890,0
877,Simpson Park Mountains fault zone,0.26,"<15,000",W,N,250,13918.16,13918.16,530565.1,4432314.3,762,2872,1
878,Singatse Range fault zone,0.1,"<1,600,000",N,N,250,833.43,833.43,310586.7,4298922.9,2096,672,0
879,Singatse Range fault zone,0.1,"<1,600,000",E,N,250,6027.78,6027.78,309433.0,4312059.6,1964,660,0
880,Singatse Range fault zone,0.1,"<1,600,000",Unspecified,N,250,38985.72,38985.72,307530.0,4312011.7,1965,641,0
884,"Smith Valley fault zone, unnamed central section",0.22,"<15,000",NE,N,250,6914.92,6914.92,289879.1,4300290.4,2082,465,0
885,"Smith Valley fault zone, unnamed central section",0.22,"<15,000",Unspecified,N,250,3368.1,3368.1,293535.1,4291403.6,2171,501,0
886,"Smith Valley fault zone, unnamed central section",0.22,"<15,000",E,N,250,4478.2,4478.2,293678.7,4291304.3,2172,503,0
887,"Smith Valley fault zone, unnamed central section",0.22,"<15,000",Unspecified,N,250,10007.64,10007.64,290411.9,4300648.8,2079,470,0
888,"Smith Valley fault zone, unnamed central section",0.22,"<15,000",SE,N,250,2940.25,2940.25,290253.2,4293980.1,2145,469,0
889,"Smith Valley fault zone, unnamed central section",0.22,"<15,000",Unspecified,N,250,2640.77,2640.77,295343.0,4290102.4,2184,519,0
890,"Smith Valley fault zone, unnamed central section",0.22,"<15,000",E,N,250,5163.76,5163.76,297768.8,4284015.2,2245,544,0
891,"Smith Valley fault zone, unnamed central section",0.22,"<15,000",SE,N,250,3068.99,3068.99,298812.1,4282911.0,2256,554,0
892,"Smith Valley fault zone, unnamed northern section",0.22,"<1,600,000",E,N,250,4586.69,4586.69,292649.8,4312072.1,1964,492,0
893,"Smith Valley fault zone, unnamed northern section",0.22,"<1,600,000",Unspecified,N,250,60036.04,60036.04,291681.3,4327910.4,1806,483,0
894,"Smith Valley fault zone, unnamed southern section",0.195,"<15,000",Unspecified,N,250,19032.02,19032.02,303727.9,4277194.2,2313,603,0
895,"Smith Valley fault zone, unnamed southern section",0.195,"<15,000",NE,N,250,2663.38,2663.38,301043.8,4282415.5,2261,576,0
896,"Smith Valley fault zone, unnamed southern section",0.195,"<15,000",E,N,250,1952.66,1952.66,302090.8,4268599.2,2399,587,0
897,"Smith Valley fault zone, unnamed southern section",0.195,"<15,000",Unspecified,N,250,1537.4,1537.4,301314.4,4270942.5,2376,579,0
898,"Smith Valley fault zone, unnamed southern section",0.195,"<1,600,000",SE,N,250,742.85,742.85,302225.0,4269853.7,2386,588,0
899,"Smith Valley fault zone, unnamed southern section",0.195,"<1,600,000",Unspecified,N,250,7839.69,7839.69,304796.3,4268503.0,2400,614,0
900,"Smith Valley fault zone, unnamed southern section",0.195,"<1,600,000",W,N,250,1787.98,1787.98,302185.2,4274723.1,2338,588,0
902,South-central Reese River Valley fault zone,0.076,"<130,000",SE,N,250,19886.48,19886.48,465712.9,4322551.5,1859,2223,0
903,South-central Reese River Valley fault zone,0.076,"<130,000",SE,N,250,8010.96,8010.96,462976.9,4317866.3,1906,2196,0
905,Southeast Fish Creek Mountains fault,0.076,"<130,000",SE,N,250,12025.19,12025.19,469928.0,4435024.9,735,2265,1
906,Southeast Fish Creek Mountains fault,0.076,"<1,600,000",SE,N,250,27521.08,27521.08,478476.7,4444541.4,640,2351,1
907,Southeastern Sheep Creek Range fault,0.1,"<130,000",E,N,250,50949.72,12074.14,519870.5,4505911.7,26,2765,1
929,Southwest Reese River Valley fault,0.1,"<1,600,000",E,N,250,3105.29,3105.29,469032.1,4340173.7,1683,2256,0
930,Southwest Reese River Valley fault,0.1,"<1,600,000",E,N,250,61944.65,61944.65,458412.6,4305461.6,2030,2150,0
931,Southwest Reese River Valley fault,0.1,"<1,600,000",E,N,250,30588.73,30588.73,456816.9,4302420.5,2061,2134,0
932,Spanish Springs Peak fault zone,0.005,"<1,600,000",Unspecified,LL,250,29025.43,29025.43,274432.8,4387207.3,1213,310,1
933,Spanish Springs Peak fault zone,0.005,"<1,600,000",Unspecified,LL,250,4508.28,4508.28,274970.3,4384202.8,1243,316,1
934,Spanish Springs Valley fault,0.092,"<130,000",E,N,250,3934.59,3934.59,265688.2,4391377.7,1171,223,0
935,Spanish Springs Valley fault,0.092,"<130,000",E,N,250,36076.39,36076.39,262889.4,4389165.8,1193,195,0
936,Spanish Springs Valley fault,0.092,"<130,000",E,N,250,8068.67,8068.67,267224.4,4397641.6,1109,238,0
956,Stonewall Flat faults,0.0001,"<130,000",Unspecified,N,250,36560.67,36560.67,485034.1,4160339.9,3482,2416,0
957,Stonewall Flat faults,0.0001,"<130,000",Unspecified,N,250,10649.81,10649.81,487682.1,4161943.2,3466,2443,0
958,Stonewall Mountain fault,0.001,"<130,000",NW,N,250,29240.03,29240.03,497235.7,4155715.4,3528,2538,0
959,Stonewall Mountain fault,0.001,"<130,000",NW,N,250,15648.74,15648.74,504478.4,4158085.0,3504,2611,0
962,Sulphur Spring fault,0.195,"<15,000",SE,N,250,23994.59,212.86,464515.0,4508467.4,0,2211,1
967,Terraced Hills fault zone,0.005,"<15,000",Unspecified,RL,250,29048.94,29048.94,271176.0,4454907.6,536,278,1
968,Terraced Hills fault zone,0.005,"<15,000",Unspecified,RL,250,6079.94,6079.94,271423.3,4456774.7,517,280,1
974,The Lave Beds fault,0.1,"<130,000",E,N,250,23838.46,23838.46,336051.3,4489850.3,186,927,1
981,Toiyabe Range fault zone,0.018,"<130,000",E,N,250,7999.62,7999.62,480033.0,4302745.2,2058,2366,0
982,Toiyabe Range fault zone,0.018,"<130,000",N,N,250,3571.11,3571.11,490924.4,4308766.1,1997,2475,0
983,Toiyabe Range fault zone,0.018,"<130,000",NE,N,250,1119.78,1119.78,480559.5,4301812.4,2067,2372,0
984,Toiyabe Range fault zone,0.018,"<130,000",SE,N,250,9731.6,9731.6,480127.4,4272129.5,2364,2367,0
985,Toiyabe Range fault zone,0.018,"<130,000",Unspecified,N,250,130832.95,130832.95,488665.8,4326334.0,1822,2453,0
986,Toiyabe Range fault zone,0.018,"<130,000",E,N,250,8677.47,8677.47,475599.0,4264569.5,2439,2322,0
987,Toiyabe Range fault zone,0.018,"<130,000",Unspecified,N,250,13407.47,13407.47,490501.8,4320238.7,1883,2471,0
988,Toquima Range fault,0.018,"<130,000",E,N,250,45834.35,45834.35,513253.9,4290313.0,2182,2699,0
989,Toquima Range fault,0.018,"<130,000",NE,N,250,3850.01,3850.01,516225.9,4286752.8,2217,2728,0
990,Toquima Range fault,0.018,"<130,000",NW,N,250,1354.43,1354.43,523935.3,4315775.5,1927,2805,0
991,Toquima Range fault,0.018,"<130,000",SE,N,250,14649.71,14649.71,514094.4,4277422.0,2311,2707,0
992,Toquima Range fault,0.018,"<130,000",Unspecified,N,250,77896.13,77896.13,519246.8,4303016.4,2055,2758,0
993,Toquima Range fault,0.018,"<1,600,000",E,N,250,2146.29,2146.29,512577.3,4268649.8,2399,2692,0
994,Toquima Range fault,0.018,"<1,600,000",SE,N,250,11203.2,11203.2,509689.3,4289457.2,2190,2663,0
995,Toquima Range fault,0.018,"<1,600,000",Unspecified,N,250,4734.19,4734.19,511180.4,4289103.3,2194,2678,0
996,Toquima Range fault,0.018,"<130,000",E,N,250,29705.4,29705.4,509237.1,4274196.4,2343,2658,0
997,Toquima Range fault,0.018,"<130,000",NW,N,250,1433.33,1433.33,523019.8,4316196.0,1923,2796,0
998,Toquima Range fault,0.018,"<130,000",Unspecified,N,250,23562.03,23562.03,513700.9,4280248.3,2283,2703,0
999,Toquima Range fault,0.018,"<1,600,000",Unspecified,N,250,34674.05,34674.05,511985.3,4280239.6,2283,2686,0
1004,Tybo Well fault,0.001,"<130,000",E,N,250,1934.96,1934.96,560738.2,4239152.8,2693,3173,0
1005,Tybo Well fault,0.001,"<130,000",E,N,250,11086.09,11086.09,563077.8,4248501.6,2600,3197,0
1006,Tybo Well fault,0.001,"<130,000",NE,N,250,1215.84,1215.84,564466.5,4249472.8,2590,3211,0
1007,Tybo Well fault,0.001,"<130,000",NW,N,250,8937.21,8937.21,561017.7,4249280.5,2592,3176,0
1008,Tybo Well fault,0.001,"<130,000",SE,N,250,666.49,666.49,564763.6,4247154.4,2613,3214,0
1009,Tybo Well fault,0.001,"<130,000",Unspecified,N,250,9350.7,9350.7,560777.7,4247133.9,2614,3174,0
1010,Tybo Well fault,0.001,"<130,000",W,N,250,673.92,673.92,562060.7,4246150.5,2623,3187,0
1011,Tybo Well fault,0.001,"<130,000",E,N,250,3534.93,3534.93,561494.0,4240216.9,2683,3181,0
1012,Tybo Well fault,0.001,"<130,000",E,N,250,3114.49,3114.49,561813.6,4248900.5,2596,3184,0
1013,Tybo Well fault,0.001,"<130,000",Unspecified,N,250,1552.13,1552.13,563161.3,4249482.6,2590,3198,0
1021,Unnamed fault,0.001,"<1,600,000",NE,N,250,1638.69,1638.69,484907.1,4213390.3,2951,2415,0
1022,Unnamed fault,0.001,"<1,600,000",Unspecified,N,250,5624.04,5624.04,486170.9,4210536.6,2980,2428,0
1028,Unnamed fault east of Big Smoky Valley,0.0001,"<1,600,000",NW,N,250,2875.67,2875.67,493643.5,4285239.8,2233,2502,0
1029,Unnamed fault east of Big Smoky Valley,0.0001,"<1,600,000",W,N,250,33243.15,33243.15,490854.0,4271772.1,2367,2475,0
1030,Unnamed fault east of Big Smoky Valley,0.0001,"<1,600,000",Unspecified,N,250,5108.33,5108.33,494341.7,4280055.8,2284,2509,0
1031,Unnamed fault east of Big Smoky Valley,0.0001,"<1,600,000",W,N,250,8417.7,8417.7,482795.8,4258076.5,2504,2394,0
1053,Unnamed fault east of Paradise Range,0.195,"<1,600,000",Unspecified,N,250,3222.5,3222.5,432699.5,4295947.3,2126,1893,0
1054,Unnamed fault east of Paradise Range,0.195,"<1,600,000",W,N,250,9355.83,9355.83,430602.8,4288785.6,2197,1872,1
1055,Unnamed fault east of Paradise Range,0.195,"<1,600,000",Unspecified,N,250,20238.3,20238.3,429733.2,4289322.6,2192,1863,1
1059,Unnamed fault eastern Hot Creek Valley,0.0001,"<1,600,000",W,N,250,15793.56,6835.46,571102.8,4287761.5,2207,3277,0
1060,Unnamed fault eastern Hot Creek Valley,0.0001,"<1,600,000",W,N,250,42694.88,11137.88,570826.7,4294838.3,2137,3274,0
1068,Unnamed fault in Lemmon Valley,0.001,"<130,000",E,N,250,10861.29,10861.29,251464.1,4398129.1,1104,81,0
1069,Unnamed fault in eastern Dixie Valley,0.01,<150,W,N,250,1404.06,1404.06,406217.7,4374261.8,1342,1628,1
1070,Unnamed fault in eastern Dixie Valley,0.01,"<130,000",W,N,250,17624.42,17624.42,411318.7,4376891.7,1316,1679,1
1075,Unnamed fault near Churchill Butte,0.0001,"<1,600,000",Unspecified,N,250,30627.8,30627.8,300690.6,4355799.5,1527,573,1
1104,Unnamed fault northwest of Andesite Ridge,0.076,"<1,600,000",Unspecified,LL,250,17392.65,5336.2,571836.3,4289910.4,2186,3284,0
1108,Unnamed fault northwest of Andesite Ridge,0.076,"<1,600,000",Unspecified,LL,250,12119.54,2056.47,571485.3,4287409.3,2211,3281,0
1122,Unnamed fault southwest of Pilot Mountains,0.195,"<750,000",Unspecified,N,250,14330.83,14330.83,425284.2,4239125.8,2694,1819,1
1123,Unnamed fault southwest of Pilot Mountains,0.195,"<750,000",Unspecified,N,250,5735.1,5735.1,424895.8,4237749.5,2708,1815,1
1127,Unnamed fault west of Granite Hills,0.001,"<130,000",W,N,250,2160.24,2160.24,246437.5,4396415.4,1121,30,0
1142,Unnamed fault zone along Bluewing Mountains,0.076,"<1,600,000",NW,N,250,3295.06,3295.06,324190.5,4469372.0,391,808,1
1143,Unnamed fault zone along Sahwave Mountains,0.076,"<1,600,000",NW,N,250,12640.38,12640.38,326007.8,4462506.6,460,826,1
1144,Unnamed fault zone along Sahwave Mountains,0.076,"<1,600,000",Unspecified,N,250,1202.85,1202.85,322577.6,4458677.0,498,792,1
1147,Unnamed fault zone between Kumiva and Sage Hen Valleys,0.001,"<1,600,000",Unspecified,N,250,1244.06,1244.06,311115.9,4443291.8,652,677,1
1148,Unnamed fault zone between Kumiva and Sage Hen Valleys,0.001,"<1,600,000",Unspecified,N,250,23043.53,23043.53,312857.0,4452410.7,561,695,1
1149,Unnamed fault zone between Kumiva and Sage Hen Valleys,0.001,"<1,600,000",Unspecified,N,250,11719.38,11719.38,314760.7,4451460.1,570,714,1
1154,Unnamed fault zone east of Reno,0.07,"<15,000",Unspecified,N,250,11037.85,11037.85,265648.5,4366158.8,1423,222,0
1155,Unnamed fault zone east of Reno,0.07,"<15,000",Unspecified,N,250,8100.44,8100.44,265975.8,4369686.9,1388,226,0
1156,Unnamed fault zone east of Reno,0.07,"<15,000",Unspecified,N,250,1812.91,1812.91,264677.9,4368058.3,1404,213,0
1157,Unnamed fault zone east of Reno,0.005,"<1,600,000",Unspecified,N,250,1871.38,1871.38,263588.6,4363462.0,1450,202,0
1158,Unnamed fault zone east of Reno,0.005,"<1,600,000",Unspecified,N,250,68831.5,68831.5,267545.0,4376827.5,1317,241,0
1159,Unnamed fault zone east of Reno,0.005,"<15,000",Unspecified,N,250,2600.35,2600.35,266550.6,4385268.5,1232,232,0
1160,Unnamed fault zone east of Reno,0.005,"<15,000",Unspecified,N,250,1614.08,1614.08,267258.0,4374591.8,1339,239,0
1161,Unnamed fault zone east of Reno,0.005,"<1,600,000",Unspecified,N,250,3095.82,3095.82,267261.1,4376897.5,1316,239,0
1164,Unnamed fault zone in Dead Camel Mountains,0.195,"<1,600,000",N,N,250,2481.0,2481.0,323360.2,4354480.6,1540,800,1
1165,Unnamed fault zone in Dead Camel Mountains,0.195,"<1,600,000",N,N,250,14736.38,14736.38,316388.3,4361641.7,1469,730,1
1166,Unnamed fault zone in Dead Camel Mountains,0.195,"<1,600,000",N,N,250,17599.81,17599.81,324060.8,4360393.9,1481,807,1
1167,Unnamed fault zone in Dead Camel Mountains,0.195,"<1,600,000",N,N,250,4661.71,4661.71,322994.5,4354650.9,1538,796,1
1168,Unnamed fault zone in Desert Mountains,0.195,"<1,600,000",Unspecified,N,250,8604.05,8604.05,317753.8,4344224.0,1643,744,1
1169,Unnamed fault zone in Desert Mountains,0.195,"<1,600,000",Unspecified,N,250,35976.93,35976.93,325529.3,4341651.6,1668,821,1
1170,Unnamed fault zone in Desert Mountains,0.195,"<1,600,000",Unspecified,N,250,3934.94,3934.94,310448.3,4347771.4,1607,670,1
1171,Unnamed fault zone in Desert Mountains,0.195,"<1,600,000",Unspecified,N,250,5189.68,5189.68,327324.5,4343653.6,1648,839,1
1179,Unnamed fault zone in Pine Grove Hills,0.0001,"<1,600,000",E,N,250,4403.01,4403.01,314407.9,4268769.7,2397,710,0
1180,Unnamed fault zone in Pine Grove Hills,0.0001,"<1,600,000",NE,N,250,5656.92,5656.92,311929.4,4270040.3,2385,685,0
1181,Unnamed fault zone in Pine Grove Hills,0.0001,"<1,600,000",NW,N,250,3043.31,3043.31,319901.5,4264339.7,2442,765,0
1182,Unnamed fault zone in Pine Grove Hills,0.0001,"<1,600,000",SE,N,250,6565.44,6565.44,318618.7,4268961.4,2395,752,0
1183,Unnamed fault zone in Pine Grove Hills,0.0001,"<1,600,000",Unspecified,N,250,42997.76,42997.76,316866.1,4268329.1,2402,735,0
1184,Unnamed fault zone in Pine Grove Hills,0.0001,"<1,600,000",W,N,250,6467.32,6467.32,321327.4,4266278.9,2422,779,0
1185,Unnamed fault zone in Pine Grove Hills,0.0001,"<1,600,000",SW,N,250,2274.16,2274.16,318870.2,4266952.2,2415,755,0
1186,Unnamed fault zone in Pine Grove Hills,0.0001,"<1,600,000",Unspecified,N,250,20967.84,20967.84,319757.0,4268497.5,2400,764,0
1187,Unnamed fault zone in Pine Mountains,0.195,"<1,600,000",Unspecified,N,250,41174.52,41174.52,297925.2,4343688.9,1648,545,1
1188,Unnamed fault zone in Truckee River Canyon,0.001,"<750,000",Unspecified,N,250,8009.31,8009.31,251443.0,4379883.9,1286,80,0
1189,Unnamed fault zone in Truckee River Canyon,0.001,"<1,600,000",Unspecified,N,250,29656.35,29656.35,249225.1,4379110.7,1294,58,0
1190,Unnamed fault zone in Truckee River Canyon,0.001,"<750,000",Unspecified,N,250,5469.79,5469.79,254762.0,4376438.1,1321,114,0
1191,Unnamed fault zone in Truckee River Canyon,0.001,"<1,600,000",Unspecified,N,250,15858.08,15858.08,254925.4,4379730.4,1288,115,0
1192,Unnamed fault zone in Virginia Range,0.0001,"<1,600,000",Unspecified,N,250,25607.82,25607.82,296589.5,4378816.7,1297,532,1
1193,Unnamed fault zone in Virginia Range,0.0001,"<1,600,000",Unspecified,N,250,1943.36,1943.36,295492.5,4376636.0,1319,521,1
1196,Unnamed fault zone in southeastern Gabbs Valley Range,0.195,"<1,600,000",Unspecified,N,250,29190.45,29190.45,412632.9,4276523.5,2320,1692,1
1197,Unnamed fault zone in southeastern Gabbs Valley Range,0.195,"<1,600,000",W,N,250,786.83,786.83,414916.8,4288643.1,2199,1715,1
1198,Unnamed fault zone in southeastern Gabbs Valley Range,0.195,"<1,600,000",Unspecified,N,250,30141.85,30141.85,412899.9,4275152.3,2333,1695,1
1200,Unnamed fault zone in southern part of Trinity Range,0.076,"<1,600,000",Unspecified,N,250,1181.15,1181.15,349011.4,4425442.0,831,1056,1
1201,Unnamed fault zone in southern part of Trinity Range,0.076,"<1,600,000",Unspecified,N,250,87905.31,87905.31,353099.4,4445465.8,630,1097,1
1202,Unnamed fault zone in southern part of Trinity Range,0.076,"<1,600,000",Unspecified,N,250,2564.78,2564.78,349732.3,4426370.5,821,1063,1
1208,Unnamed fault zone near Little Valley,0.005,"<1,600,000",Unspecified,N,250,6273.46,6273.46,305815.6,4407204.4,1013,624,1
1209,Unnamed fault zone near Little Valley,0.005,"<1,600,000",Unspecified,N,250,38969.92,38969.92,308052.4,4406679.2,1018,647,1
1210,Unnamed fault zone near Little Valley,0.005,"<1,600,000",Unspecified,N,250,4438.2,4438.2,309401.6,4413101.4,954,660,1
1211,Unnamed fault zone near North Valley,0.001,"<1,600,000",Unspecified,N,250,2947.91,2947.91,312837.8,4413288.4,952,694,1
1212,Unnamed fault zone near North Valley,0.001,"<1,600,000",Unspecified,N,250,15025.85,15025.85,318433.5,4416538.1,920,750,1
1213,Unnamed fault zone near North Valley,0.001,"<1,600,000",Unspecified,N,250,3583.51,3583.51,321405.8,4415576.8,929,780,1
1214,Unnamed fault zone near North Valley,0.001,"<1,600,000",Unspecified,N,250,10416.55,10416.55,318511.2,4416180.6,923,751,1
1215,Unnamed fault zone near North Valley,0.001,"<1,600,000",Unspecified,N,250,8911.33,8911.33,315818.7,4413534.9,950,724,1
1216,Unnamed fault zone near Pine Grove Flat,0.0001,"<1,600,000",Unspecified,N,250,27219.78,27219.78,323909.7,4295081.7,2134,805,0
1217,Unnamed fault zone near Pine Grove Flat,0.0001,"<1,600,000",W,N,250,6873.15,6873.15,316124.5,4296945.4,2116,727,0
1218,Unnamed fault zone near Pine Grove Flat,0.0001,"<1,600,000",E,N,250,3182.09,3182.09,318684.4,4297632.0,2109,753,0
1219,Unnamed fault zone near Pine Grove Flat,0.0001,"<1,600,000",SE,N,250,8952.16,8952.16,317988.5,4295135.7,2134,746,0
1220,Unnamed fault zone near Pine Grove Flat,0.0001,"<1,600,000",SW,N,250,6223.75,6223.75,321460.8,4283602.2,2249,781,0
1221,Unnamed fault zone near Pine Grove Flat,0.0001,"<1,600,000",Unspecified,N,250,22117.14,22117.14,321212.4,4293790.2,2147,778,0
1222,Unnamed fault zone near Pine Grove Flat,0.0001,"<1,600,000",W,N,250,7777.17,7777.17,319198.1,4287675.8,2208,758,0
1224,Unnamed fault zone near Sand Pass,0.0001,"<1,600,000",Unspecified,LL,250,15861.1,15861.1,261612.4,4460286.3,482,182,1
1225,Unnamed fault zone near The Lava Beds,0.076,"<1,600,000",W,N,250,17741.14,17741.14,330848.5,4487968.8,205,874,1
1229,Unnamed fault zone on east side of Selenite Range,0.001,"<1,600,000",E,N,250,28960.26,28960.26,310512.4,4482594.7,259,671,1
1230,Unnamed fault zone on east side of Selenite Range,0.001,"<1,600,000",E,N,250,4522.45,4522.45,309483.8,4472452.9,360,661,1
1231,Unnamed fault zone on northwest side of Trinity Range,0.076,"<15,000",Unspecified,N,250,40837.88,40837.88,344943.8,4436702.6,718,1015,1
1232,Unnamed fault zone on northwest side of Trinity Range,0.076,"<15,000",Unspecified,N,250,7677.24,7677.24,338117.7,4425262.2,832,947,1
1233,Unnamed fault zone on northwest side of Trinity Range,0.076,"<1,600,000",Unspecified,N,250,19469.1,19469.1,332454.1,4423754.1,847,891,1
1234,Unnamed fault zone on northwest side of Trinity Range,0.076,"<15,000",Unspecified,N,250,2149.45,2149.45,329481.3,4422461.1,860,861,1
1235,Unnamed fault zone on northwest side of Trinity Range,0.076,"<1,600,000",Unspecified,N,250,7540.13,7540.13,325970.4,4419885.2,886,826,1
1241,Unnamed fault zone southeastern Truckee Range,0.001,"<1,600,000",SE,N,250,13333.39,13333.39,328703.7,4409363.8,991,853,1
1242,Unnamed fault zone southeastern Truckee Range,0.001,"<1,600,000",SE,N,250,1346.93,1346.93,314498.2,4393907.5,1146,711,1
1243,Unnamed fault zone southeastern Truckee Range,0.001,"<1,600,000",SE,N,250,39639.67,39639.67,317550.7,4400055.1,1084,742,1
1244,Unnamed fault zone southeastern Truckee Range,0.001,"<1,600,000",SE,N,250,7340.57,7340.57,323623.0,4402560.5,1059,802,1
1246,Unnamed fault zone west of Carson Lake,0.0001,"<1,600,000",Unspecified,N,250,23031.56,23031.56,338449.2,4355690.4,1528,950,1
1247,Unnamed fault zone west of Carson Lake,0.0001,"<1,600,000",Unspecified,N,250,15935.95,15935.95,339856.4,4356334.1,1522,965,1
1252,Unnamed fault zone west of Luning,0.195,"<130,000",N,N,250,40591.18,40591.18,380792.8,4260542.5,2480,1374,1
1253,Unnamed fault zone west of Luning,0.195,"<130,000",N,N,250,15018.74,15018.74,379946.3,4261529.6,2470,1365,1
1257,Unnamed faults at northern end of Big Smokey Valley,0.0001,"<1,600,000",W,N,250,7131.65,7131.65,518708.5,4365446.6,1431,2753,0
1258,Unnamed faults at south end of Tobin Range,0.05,"<15,000",W,N,250,15293.69,15293.69,446934.6,4433462.4,750,2035,1
1259,Unnamed faults at south end of Tobin Range,0.05,"<15,000",W,N,250,17070.17,17070.17,447652.0,4445722.9,628,2043,1
1261,Unnamed faults east of Austin,0.0001,"<1,600,000",Unspecified,N,250,15395.33,15395.33,501165.7,4370933.8,1376,2578,0
1268,"Unnamed faults east of Mount Lewis, Shoshone Range",0.0001,"<1,600,000",W,N,250,9213.19,9213.19,521176.2,4471644.4,369,2778,1
1271,Unnamed faults east of Shoshone Mountains,0.001,"<750,000",Unspecified,N,250,11495.28,11495.28,471377.1,4362926.4,1456,2280,0
1272,Unnamed faults east of Shoshone Mountains,0.001,"<750,000",Unspecified,N,250,2482.1,2482.1,476893.9,4372444.6,1361,2335,0
1274,Unnamed faults east of Teels Marsh,0.001,"<1,600,000",Unspecified,LL,250,39154.23,39154.23,392405.5,4226089.1,2824,1490,0
1275,Unnamed faults east of Teels Marsh,0.001,"<1,600,000",NW,LL,250,7941.02,7941.02,389035.9,4225110.8,2834,1456,0
1276,Unnamed faults east of Teels Marsh,0.001,"<1,600,000",SE,LL,250,1948.8,1948.8,390305.9,4227970.8,2805,1469,0
1277,Unnamed faults east of Teels Marsh,0.001,"<1,600,000",NW,LL,250,4055.41,4055.41,390669.1,4225778.0,2827,1473,0
1278,Unnamed faults east of Teels Marsh,0.001,"<1,600,000",Unspecified,LL,250,13378.56,13378.56,392665.4,4227830.4,2807,1493,0
1281,Unnamed faults flanking Cedar Mountains,0.195,"<1,600,000",E,N,250,517.3,517.3,419027.3,4273229.4,2353,1756,1
1282,Unnamed faults flanking Cedar Mountains,0.195,"<1,600,000",Unspecified,N,250,21319.43,21319.43,427416.0,4262623.2,2459,1840,1
1283,Unnamed faults flanking Cedar Mountains,0.195,"<1,600,000",W,N,250,847.8,847.8,426556.5,4263436.7,2451,1832,1
1284,Unnamed faults flanking Cedar Mountains,0.195,"<1,600,000",N,N,250,391.0,391.0,430184.7,4256641.3,2519,1868,1
1285,Unnamed faults flanking Cedar Mountains,0.195,"<1,600,000",S,N,250,418.14,418.14,430211.4,4256391.4,2521,1868,1
1286,Unnamed faults flanking Cedar Mountains,0.195,"<1,600,000",Unspecified,N,250,26919.5,26919.5,423720.4,4268183.5,2403,1803,1
1287,Unnamed faults in Black Dyke Mountain,0.001,"<1,600,000",Unspecified,N,250,23693.12,23693.12,397255.6,4251793.0,2567,1539,0
1288,Unnamed faults in Black Dyke Mountain,0.001,"<1,600,000",Unspecified,N,250,8934.67,8934.67,396068.7,4248673.8,2598,1527,0
1289,Unnamed faults in Bobs Flat,0.0001,"<1,600,000",W,N,250,13717.37,13717.37,553170.7,4501675.1,68,3098,1
1290,Unnamed faults in Excelsior Mountains,0.195,<150,Unspecified,LL,250,1370.15,1370.15,380347.5,4238333.1,2702,1369,0
1291,Unnamed faults in Excelsior Mountains,0.124,"<15,000",Unspecified,LL,250,1828.46,1828.46,384846.6,4234160.2,2743,1414,0
1292,Unnamed faults in Excelsior Mountains,0.124,"<15,000",N,LL,250,1980.24,1980.24,400664.1,4234851.3,2736,1573,0
1293,Unnamed faults in Excelsior Mountains,0.124,"<15,000",Unspecified,LL,250,9549.38,9549.38,392183.8,4234919.6,2736,1488,0
1294,Unnamed faults in Excelsior Mountains,0.124,"<1,600,000",S,LL,250,517.34,517.34,388936.6,4234979.0,2735,1455,0
1295,Unnamed faults in Excelsior Mountains,0.195,"<1,600,000",Unspecified,LL,250,7394.03,7394.03,381681.1,4238582.7,2699,1383,0
1296,Unnamed faults in Excelsior Mountains,0.124,"<15,000",Unspecified,LL,250,4516.35,4516.35,393246.8,4235276.2,2732,1498,0
1297,Unnamed faults in Excelsior Mountains,0.124,"<1,600,000",Unspecified,LL,250,11283.59,11283.59,390173.1,4235669.1,2728,1468,0
1298,Unnamed faults in Fourmile Flat,0.195,<150,Unspecified,N,250,1768.83,1768.83,372064.2,4347068.4,1614,1287,1
1299,Unnamed faults in Fourmile Flat,0.195,"<15,000",Unspecified,N,250,31890.39,31890.39,366193.9,4355476.6,1530,1228,1
1300,Unnamed faults in Fourmile Flat,0.195,"<1,600,000",Unspecified,N,250,1264.81,1264.81,359700.8,4357067.6,1514,1163,1
1301,Unnamed faults in Fourmile Flat,0.195,"<15,000",Unspecified,N,250,1863.96,1863.96,372481.7,4348030.8,1605,1291,1
1302,Unnamed faults in Gabbs Valley,0.195,<150,Unspecified,N,250,18719.09,18719.09,404324.9,4310234.2,1983,1609,1
1303,Unnamed faults in Gabbs Valley,0.195,"<15,000",Unspecified,N,250,1294.99,1294.99,408171.6,4317661.0,1908,1648,1
1304,Unnamed faults in Gabbs Valley,0.195,"<1,600,000",Unspecified,N,250,6070.51,6070.51,406584.9,4316265.3,1922,1632,1
1305,Unnamed faults in Gabbs Valley,0.195,"<130,000",Unspecified,N,250,16825.48,16825.48,403708.3,4304379.9,2041,1603,1
1306,Unnamed faults in Gabbs Valley,0.195,"<1,600,000",Unspecified,N,250,12607.54,12607.54,407599.4,4317681.0,1908,1642,1
1307,Unnamed faults in Gabbs Valley Range,0.001,"<130,000",Unspecified,N,250,42943.81,42943.81,402194.1,4272864.3,2356,1588,1
1321,Unnamed faults in Pine valley,0.076,"<1,600,000",Unspecified,N,250,14711.91,14711.91,564376.0,4461620.2,469,3210,1
1322,Unnamed faults in Pine valley,0.076,"<1,600,000",Unspecified,N,250,7190.17,7190.17,567866.9,4463748.6,448,3245,1
1328,Unnamed faults in eastern Smith Valley,0.0001,"<1,600,000",Unspecified,N,250,6323.55,6323.55,302542.5,4300560.4,2079,591,0
1329,Unnamed faults in eastern Smith Valley,0.0001,"<1,600,000",E,N,250,1333.73,1333.73,299004.3,4307423.6,2011,556,0
1330,Unnamed faults in eastern Smith Valley,0.0001,"<1,600,000",N,N,250,3587.13,3587.13,295838.9,4310225.6,1983,524,0
1331,Unnamed faults in eastern Smith Valley,0.0001,"<1,600,000",Unspecified,N,250,1421.17,1421.17,300133.8,4307025.4,2015,567,0
1332,Unnamed faults in eastern Smith Valley,0.0001,"<1,600,000",W,N,250,8323.8,8323.8,296743.6,4307151.8,2013,533,0
1358,Unnamed faults in southern Garfield Hills,0.195,"<15,000",Unspecified,LL,250,8644.85,8644.85,384823.9,4244716.4,2638,1414,0
1359,Unnamed faults in southern Garfield Hills,0.195,"<15,000",Unspecified,LL,250,18022.45,18022.45,382249.2,4243764.7,2647,1388,0
1360,Unnamed faults in southern Garfield Hills,0.195,"<1,600,000",Unspecified,LL,250,82099.32,82099.32,373977.3,4246038.3,2625,1306,0
1361,Unnamed faults in southern Garfield Hills,0.195,"<15,000",Unspecified,LL,250,9070.59,9070.59,373440.7,4249428.5,2591,1300,0
1362,Unnamed faults in southern Garfield Hills,0.195,"<15,000",Unspecified,LL,250,5036.22,5036.22,380899.2,4242015.6,2665,1375,0
1363,Unnamed faults in southern Garfield Hills,0.195,"<1,600,000",Unspecified,LL,250,13597.45,13597.45,377286.9,4247282.4,2612,1339,0
1364,Unnamed faults in southern Gillis Range,0.0001,"<1,600,000",N,N,250,16199.81,16199.81,373097.1,4276257.5,2322,1297,1
1365,Unnamed faults in southern Gillis Range,0.0001,"<1,600,000",N,N,250,25476.47,25476.47,375077.2,4278539.0,2300,1317,1
1367,Unnamed faults in southwestern Excelsior Mountains,0.124,"<1,600,000",N,LL,250,1209.68,1209.68,350498.4,4224663.9,2838,1071,0
1368,Unnamed faults in southwestern Excelsior Mountains,0.124,"<1,600,000",SE,LL,250,3244.06,3244.06,348073.4,4226278.0,2822,1047,0
1369,Unnamed faults in the Pine Mountains,0.195,"<1,600,000",Unspecified,N,250,4371.23,4371.23,277478.8,4304575.8,2039,341,0
1370,Unnamed faults in the Pine Mountains,0.195,"<1,600,000",E,N,250,24443.73,24443.73,285584.4,4312337.0,1962,422,0
1371,Unnamed faults in the Pine Mountains,0.195,"<1,600,000",NE,N,250,10965.29,10965.29,279951.7,4310514.7,1980,366,0
1372,Unnamed faults in the Pine Mountains,0.195,"<1,600,000",NW,N,250,4413.32,4413.32,282474.5,4310986.6,1975,391,0
1373,Unnamed faults in the Pine Mountains,0.195,"<1,600,000",SW,N,250,2751.88,2751.88,284289.7,4304828.9,2037,409,0
1374,Unnamed faults in the Pine Mountains,0.195,"<1,600,000",Unspecified,N,250,79579.02,79579.02,279304.3,4315997.2,1925,359,0
1375,Unnamed faults in the Pine Mountains,0.195,"<1,600,000",Unspecified,N,250,14158.6,14158.6,276850.5,4301119.8,2074,335,0
1376,Unnamed faults in the Pine Mountains,0.195,"<1,600,000",NE,N,250,4160.61,4160.61,286337.2,4307669.4,2008,429,0
1377,Unnamed faults in the Pine Mountains,0.195,"<1,600,000",Unspecified,N,250,25914.56,25914.56,283614.3,4307060.8,2014,402,0
1378,Unnamed faults in the Volcanic Hills,0.195,"<1,600,000",SW,LL,250,1014.36,1014.36,386497.9,4208892.9,2996,1431,1
1379,Unnamed faults in the Volcanic Hills,0.195,"<1,600,000",Unspecified,LL,250,108048.21,108048.21,382642.0,4209317.8,2992,1392,1
1380,Unnamed faults in the Volcanic Hills,0.195,"<1,600,000",Unspecified,LL,250,23033.16,23033.16,379266.4,4209309.9,2992,1359,1
1382,Unnamed faults near Alkali Valley,0.001,"<130,000",Unspecified,LL,250,14711.86,14711.86,342642.4,4236871.6,2716,992,0
1383,Unnamed faults near Alkali Valley,0.001,"<130,000",NE,LL,250,3583.0,3583.0,348633.7,4230045.2,2785,1052,0
1384,Unnamed faults near Alkali Valley,0.001,"<130,000",NW,LL,250,1125.4,1125.4,345092.6,4246310.3,2622,1017,0
1385,Unnamed faults near Alkali Valley,0.001,"<130,000",W,LL,250,3441.9,3441.9,347365.3,4229732.7,2788,1040,0
1386,Unnamed faults near Alkali Valley,0.001,"<130,000",Unspecified,LL,250,8523.38,8523.38,345081.1,4238291.9,2702,1017,0
1387,Unnamed faults near Alkali Valley,0.001,"<130,000",NE,LL,250,5794.84,5794.84,347117.1,4234126.8,2744,1037,0
1388,Unnamed faults near Alkali Valley,0.001,"<130,000",SE,LL,250,13515.27,13515.27,350817.7,4236029.3,2725,1074,0
1390,Unnamed faults near Candelaria Hills,0.195,"<15,000",Unspecified,N,250,31784.06,31784.06,402243.0,4222928.2,2856,1588,0
1391,Unnamed faults near Candelaria Hills,0.195,"<15,000",SE,N,250,3120.89,3120.89,387494.3,4220862.7,2876,1441,0
1392,Unnamed faults near Candelaria Hills,0.195,"<15,000",Unspecified,N,250,9475.41,9475.41,384724.4,4220864.3,2876,1413,0
1393,Unnamed faults near Candelaria Hills,0.195,"<15,000",Unspecified,N,250,1681.82,1681.82,400783.8,4221904.0,2866,1574,0
1394,Unnamed faults near Candelaria Hills,0.195,"<15,000",Unspecified,N,250,9663.72,9663.72,390947.6,4216520.0,2920,1475,0
1402,Unnamed faults near East Walker River,0.0001,"<1,600,000",Unspecified,N,250,54195.25,54195.25,316845.0,4254617.3,2539,734,0
1403,Unnamed faults near East Walker River,0.0001,"<1,600,000",Unspecified,N,250,44195.45,44195.45,312269.0,4252614.6,2559,689,0
1409,Unnamed faults near Humdinger Spring,0.0001,"<1,600,000",Unspecified,N,250,7785.0,7785.0,433686.3,4265901.0,2426,1903,1
1412,Unnamed faults near Packard Flat,0.076,"<1,600,000",Unspecified,N,250,28638.89,28638.89,394239.7,4452200.7,563,1508,1
1413,Unnamed faults near Packard Flat,0.076,"<1,600,000",Unspecified,N,250,974.29,974.29,388586.7,4447345.1,612,1452,1
1416,Unnamed faults near Teels Marsh,0.124,"<15,000",SE,LL,250,3661.38,3661.38,374642.8,4224896.3,2836,1312,0
1417,Unnamed faults near Teels Marsh,0.124,"<15,000",Unspecified,LL,250,11099.17,11099.17,376027.1,4227185.6,2813,1326,0
1418,Unnamed faults near Teels Marsh,0.124,"<15,000",NW,LL,250,1633.43,1633.43,361428.9,4212369.9,2961,1180,1
1419,Unnamed faults near Teels Marsh,0.124,"<15,000",SE,LL,250,3472.51,3472.51,365267.8,4215350.2,2931,1219,0
1420,Unnamed faults near Teels Marsh,0.124,"<15,000",Unspecified,LL,250,6776.29,6776.29,372521.9,4219832.1,2887,1291,0
1421,Unnamed faults near Teels Marsh,0.124,"<15,000",Unspecified,LL,250,19507.52,19507.52,366050.0,4216725.4,2918,1227,0
1422,Unnamed faults near Terrill Mountains,0.01,"<1,600,000",Unspecified,RL,250,5184.99,5184.99,358576.1,4321829.7,1867,1152,1
1423,Unnamed faults near Terrill Mountains,0.01,"<1,600,000",Unspecified,RL,250,22646.24,22646.24,352881.8,4326422.5,1821,1095,1
1424,Unnamed faults near Tonkin Summit,0.0001,"<1,600,000",NE,N,250,7818.01,7818.01,547658.2,4421304.6,872,3043,0
1425,Unnamed faults near Tonkin Summit,0.0001,"<1,600,000",NE,N,250,5972.13,5972.13,547924.4,4420343.5,882,3045,0
1444,Unnamed faults northeast of Virginia City,0.0001,"<1,600,000",Unspecified,N,250,15127.5,15127.5,275200.7,4360987.8,1475,318,0
1445,Unnamed faults northern Monte Cristo Mountains,0.01,"<1,600,000",Unspecified,N,250,22172.56,22172.56,407618.8,4332850.7,1756,1642,1
1446,Unnamed faults northern Monte Cristo Mountains,0.01,"<1,600,000",Unspecified,N,250,7982.72,7982.72,405389.8,4330238.7,1783,1620,1
1454,Unnamed faults of Cactus Flat,0.001,"<130,000",Unspecified,N,250,27862.16,27862.16,535044.1,4170307.3,3382,2916,0
1455,Unnamed faults of Cactus Flat,0.001,"<130,000",Unspecified,N,250,32189.61,32189.61,535366.8,4168548.5,3400,2920,0
1456,Unnamed faults of Golden Valley,0.0001,"<1,600,000",Unspecified,N,250,12219.4,12219.4,569125.1,4421302.1,872,3257,0
1457,Unnamed faults of Kobeh Valley,0.001,"<130,000",E,N,250,5703.4,5703.4,551553.4,4390804.3,1177,3082,0
1458,Unnamed faults of New Pass Range,0.001,"<750,000",Unspecified,N,250,21177.24,21177.24,462195.0,4394709.0,1138,2188,0
1459,Unnamed faults of New Pass Range,0.001,"<1,600,000",Unspecified,N,250,6974.68,6974.68,463897.2,4389014.6,1195,2205,0
1460,Unnamed faults of Pahute Mesa,0.0001,"<1,600,000",Unspecified,N,250,71673.78,55309.17,513358.8,4142844.9,3657,2700,0
1461,Unnamed faults of northern Ione Valley,0.195,"<15,000",Unspecified,N,250,4629.96,4629.96,439958.1,4327806.5,1807,1966,0
1462,Unnamed faults of northern Ione Valley,0.195,"<15,000",Unspecified,N,250,24529.68,24529.68,438262.1,4327618.0,1809,1949,0
1463,Unnamed faults of southern Clan Alpine Mountains,0.195,"<130,000",W,N,250,12014.43,12014.43,419479.0,4363015.4,1455,1761,1
1464,Unnamed faults of southern Clan Alpine Mountains,0.195,"<130,000",W,N,250,3121.37,3121.37,418330.5,4353795.7,1547,1749,0
1465,Unnamed faults of the Augusta Mountains,0.0001,"<1,600,000",Unspecified,N,250,5823.79,5823.79,458410.0,4415025.0,935,2150,0
1466,Unnamed faults of the Augusta Mountains,0.0001,"<1,600,000",Unspecified,N,250,8411.85,8411.85,457619.2,4417854.6,906,2142,0
1475,Unnamed faults of the eastern Augusta Mountains,0.0001,"<1,600,000",E,N,250,13924.53,13924.53,458260.7,4434787.1,737,2149,1
1495,Unnamed faults southeast Clan Alpine Mountains,0.195,"<1,600,000",SE,N,250,1857.37,1857.37,411184.1,4352037.2,1565,1678,1
1496,Unnamed faults southeast Clan Alpine Mountains,0.195,"<1,600,000",SE,N,250,1142.16,1142.16,410811.9,4351519.1,1570,1674,1
1503,Unnamed faults southeast of Roberts Mountains,0.0001,"<1,600,000",SW,N,250,17128.2,12056.26,564736.3,4399898.0,1086,3213,0
1504,Unnamed faults southeast of Roberts Mountains,0.0001,"<1,600,000",SW,N,250,2988.31,972.14,570855.2,4392286.4,1162,3275,0
1505,Unnamed faults southwestern Stillwater Range,0.0001,"<1,600,000",Unspecified,N,250,18629.28,18629.28,375992.4,4365723.1,1428,1326,1
1506,Unnamed faults southwestern Stillwater Range,0.0001,"<1,600,000",Unspecified,N,250,3182.94,3182.94,378412.6,4364155.2,1443,1350,1
1514,Unnamed faults west of Cocoon Mountains,0.0001,"<1,600,000",Unspecified,N,250,21581.03,21581.03,365657.8,4336115.4,1724,1223,1
1515,Unnamed faults west of Desert Mountains,0.0001,"<1,600,000",Unspecified,N,250,16182.41,16182.41,309679.0,4341866.0,1666,663,1
1516,Unnamed faults west of Hungry Valley,0.001,"<1,600,000",Unspecified,N,250,28199.92,28199.92,262449.1,4404596.6,1039,190,0
1517,Unnamed faults west of Hungry Valley,0.001,"<1,600,000",Unspecified,N,250,10331.73,10331.73,261976.8,4399845.4,1087,186,0
1518,Unnamed faults west of Peavine Peak,0.001,"<1,600,000",W,N,250,6320.43,4943.63,244911.6,4386181.8,1223,15,0
1519,Unnamed faults west of Pike Peak,0.0001,"<1,600,000",Unspecified,N,250,23445.75,23445.75,333090.2,4272212.7,2363,897,0
1520,Unnamed faults west of Pike Peak,0.0001,"<1,600,000",Unspecified,N,250,22665.18,22665.18,335243.5,4271430.8,2371,918,0
1521,Unnamed faults west of Rye Patch Dam,0.0001,"<1,600,000",S,N,250,1231.4,1231.4,379207.3,4480812.9,277,1358,1
1526,Unnamed faults west of Wassuk Range,0.0001,"<1,600,000",Unspecified,N,250,1154.83,1154.83,333894.3,4295868.7,2126,905,0
1527,Unnamed faults west of Wassuk Range,0.0001,"<1,600,000",Unspecified,N,250,22060.95,22060.95,336355.0,4306277.6,2022,930,0
1528,Unnamed faults west of Wassuk Range,0.0001,"<1,600,000",Unspecified,N,250,2908.92,2908.92,333080.4,4297909.4,2106,897,0
1529,Unnamed faults west of Wassuk Range,0.0001,"<1,600,000",Unspecified,N,250,22833.28,22833.28,333866.3,4302968.4,2055,905,0
1530,Unnamed faults west of Wellington Hills,0.195,"<1,600,000",Unspecified,N,250,42447.13,42447.13,287908.0,4285312.7,2232,445,0
1531,Unnamed faults west of Wellington Hills,0.195,"<1,600,000",E,N,250,12776.19,12776.19,288780.0,4285168.4,2233,454,0
1532,Unnamed faults west of Wellington Hills,0.195,"<1,600,000",NE,N,250,7458.0,7458.0,288244.7,4289969.9,2185,448,0
1533,Unnamed faults west of Wellington Hills,0.195,"<1,600,000",NE,N,250,4223.59,4223.59,287043.1,4289838.0,2187,436,0
1534,Unnamed faults west of Wellington Hills,0.195,"<1,600,000",Unspecified,N,250,13246.96,13246.96,288956.0,4286785.8,2217,456,0
1535,Unnamed faults west of Wellington Hills,0.195,"<1,600,000",W,N,250,5985.85,5985.85,293116.0,4281285.5,2272,497,0
1537,Unnmaed fault in northern Granite Springs Valley,0.0001,"<1,600,000",W,N,250,8685.37,8685.37,342514.1,4471033.6,375,991,1
1539,Warm Springs Valley fault zone,2.1,"<15,000",Unspecified,RL,250,2907.23,2907.23,270334.3,4414520.6,940,269,1
1540,Warm Springs Valley fault zone,2.1,"<15,000",Unspecified,RL,250,51347.83,51347.83,262101.0,4424639.0,839,187,0
1541,Warm Springs Valley fault zone,2.1,"<15,000",Unspecified,RL,250,14833.74,14833.74,262221.7,4425138.5,834,188,0
1551,Wassuk Range fault zone,0.9,"<15,000",NE,N,250,5773.84,5773.84,362239.0,4251328.6,2572,1188,0
1552,Wassuk Range fault zone,0.9,"<15,000",Unspecified,N,250,31806.84,31806.84,346938.9,4287316.3,2212,1035,0
1553,Wassuk Range fault zone,0.9,"<15,000",NW,N,250,1227.77,1227.77,364614.1,4242108.7,2664,1212,0
1554,Wassuk Range fault zone,0.7,"<15,000",W,N,250,732.06,732.06,364245.0,4241260.7,2672,1208,0
1555,Wassuk Range fault zone,0.9,"<15,000",Unspecified,N,250,66701.14,66701.14,349706.7,4269641.5,2389,1063,0
1556,Wassuk Range fault zone,0.7,"<15,000",N,N,250,943.2,943.2,354754.0,4226723.6,2818,1114,0
1557,Wassuk Range fault zone,0.9,"<15,000",NW,N,250,17052.72,17052.72,357795.1,4225903.2,2826,1144,0
1558,Wassuk Range fault zone,0.9,"<15,000",SE,N,250,7819.79,7819.79,356756.3,4238879.7,2696,1134,0
1559,Wassuk Range fault zone,0.7,"<15,000",W,N,250,862.46,862.46,358900.8,4242204.4,2663,1155,0
1560,Wassuk Range fault zone,0.9,"<15,000",Unspecified,N,250,14077.46,14077.46,340860.9,4312272.4,1962,975,1
1561,Wassuk Range fault zone,0.9,"<15,000",Unspecified,N,250,26669.21,26669.21,339089.9,4309889.9,1986,957,1
1562,Wassuk Range fault zone,0.9,"<15,000",E,N,250,1531.28,1531.28,359291.4,4232949.9,2756,1159,0
1563,Wassuk Range fault zone,0.7,"<15,000",NE,N,250,915.63,915.63,357004.4,4258939.9,2496,1136,1
1564,Wassuk Range fault zone,0.9,"<15,000",SE,N,250,1333.2,1333.2,355003.2,4225793.3,2827,1116,0
1565,Wassuk Range fault zone,0.9,"<15,000",Unspecified,N,250,57678.73,57678.73,358845.9,4238919.4,2696,1154,0
1566,Wassuk Range fault zone,0.9,"<15,000",W,N,250,4710.76,4710.76,362665.9,4237059.8,2714,1193,0
1567,Wassuk Range fault zone,0.9,"<15,000",Unspecified,N,250,50745.16,50745.16,349066.7,4277743.4,2308,1057,0
1569,Weepah Hills fault,0.0001,"<1,600,000",Unspecified,N,250,21053.67,21053.67,447626.1,4192162.7,3163,2042,1
1570,West Gate fault,0.1,<150,W,N,250,10440.19,10440.19,408710.9,4360939.4,1476,1653,1
1576,Western Fairview Peak fault,0.195,"<1,600,000",Unspecified,N,250,31346.06,31346.06,395871.1,4343177.6,1653,1525,1
1577,Western Fairview Peak fault,0.195,"<1,600,000",Unspecified,N,250,22875.45,22875.45,396016.9,4345513.1,1630,1526,1
1578,Western Granite Range fault,0.205,"<1,600,000",W,N,250,21300.38,4234.52,298476.3,4505963.6,25,551,0
1581,Western Humboldt Range fault zone,0.1,"<15,000",W,N,250,75459.36,75459.36,393052.7,4479514.0,290,1497,1
1582,Western Humboldt Range fault zone,0.1,"<15,000",W,N,250,26849.65,26849.65,392330.9,4467205.3,413,1489,1
1583,Western Humboldt Range fault zone,0.1,"<15,000",W,N,250,1559.53,1559.53,386880.9,4493941.8,146,1435,1
1584,Western Humbolt Range fault zone,0.06,"<15,000",W,N,250,2339.38,2339.38,356993.8,4416713.8,918,1136,1
1585,Western Humbolt Range fault zone,0.06,"<1,600,000",W,N,250,6078.27,6078.27,357593.8,4420158.5,883,1142,1
1586,Western Humbolt Range fault zone,0.06,"<1,600,000",W,N,250,8408.75,8408.75,362121.3,4420979.5,875,1187,1
1589,Western Monitor Range fault zone,0.03,"<130,000",E,N,250,3338.32,3338.32,526019.6,4287012.6,2215,2826,0
1590,Western Monitor Range fault zone,0.03,"<130,000",NW,N,250,20725.68,20725.68,526807.3,4288218.7,2203,2834,0
1591,Western Monitor Range fault zone,0.03,"<130,000",Unspecified,N,250,17425.11,17425.11,526063.9,4284850.5,2236,2827,0
1592,Western Monitor Range fault zone,0.03,"<130,000",W,N,250,1664.06,1664.06,523729.7,4293133.3,2154,2803,0
1593,Western Monitor Range fault zone,0.03,"<1,600,000",Unspecified,N,250,19188.39,19188.39,530620.0,4298396.5,2101,2872,0
1594,Western Monitor Range fault zone,0.03,"<130,000",NW,N,250,4579.34,4579.34,520719.4,4267903.5,2406,2773,0
1595,Western Monitor Range fault zone,0.03,"<130,000",SE,N,250,4051.96,4051.96,523730.0,4281268.4,2272,2803,0
1596,Western Monitor Range fault zone,0.03,"<130,000",W,N,250,54504.4,54504.4,527144.3,4289922.5,2186,2837,0
1597,Western Monitor Range fault zone,0.03,"<1,600,000",Unspecified,N,250,55349.61,55349.61,533583.1,4304113.3,2044,2902,0
1600,Western Reveille Range fault zone,0.0001,"<1,600,000",NE,N,250,1068.1,1068.1,570714.4,4223601.2,2849,3273,0
1601,Western Reveille Range fault zone,0.0001,"<1,600,000",NW,N,250,1673.01,1673.01,569953.9,4223386.6,2851,3266,0
1602,Western Reveille Range fault zone,0.076,"<1,600,000",Unspecified,N,250,23477.88,5887.92,571445.0,4203380.6,3051,3280,0
1603,Western Reveille Range fault zone,0.076,"<1,600,000",W,N,250,6372.96,6372.96,568873.5,4216117.6,2924,3255,0
1604,Western Reveille Range fault zone,0.0001,"<1,600,000",Unspecified,N,250,2330.53,2330.53,567589.5,4226971.7,2815,3242,0
1605,Western Reveille Range fault zone,0.076,"<1,600,000",W,N,250,4648.88,4648.88,570109.4,4208828.7,2997,3267,0
1606,Western Reveille Range fault zone,0.076,"<1,600,000",Unspecified,N,250,4633.2,967.38,572067.3,4201593.9,3069,3287,0
1607,Western Roberts Mountains fault,0.076,"<15,000",SW,N,250,20970.64,20970.64,551860.8,4402239.7,1063,3085,0
1608,Western Roberts Mountains fault,0.076,"<15,000",SW,N,250,1788.07,1788.07,553464.0,4399602.6,1089,3101,0
1609,Western Sand Springs Range,0.001,"<1,600,000",Unspecified,N,250,28010.23,28010.23,377658.9,4331261.2,1772,1343,1
1610,Western Sand Springs Range,0.001,"<1,600,000",Unspecified,N,250,5612.07,5612.07,377378.2,4333457.0,1750,1340,1
1616,"Western Toiyabe Range fault zone, China Spring section",0.076,"<1,600,000",W,N,250,35519.3,35519.3,496547.8,4399658.4,1088,2531,0
1617,"Western Toiyabe Range fault zone, China Spring section",0.076,"<1,600,000",W,N,250,2745.0,2745.0,498090.9,4400267.2,1082,2547,0
1618,"Western Toiyabe Range fault zone, Mahogany Mountain section",0.076,"<1,600,000",NW,N,250,14393.32,14393.32,466856.1,4314957.3,1935,2235,0
1619,"Western Toiyabe Range fault zone, Mahogany Mountain section",0.076,"<1,600,000",NW,N,250,16730.59,16730.59,466858.4,4312129.7,1964,2235,0
1620,"Western Toiyabe Range fault zone, main Toiyabe section",0.076,"<130,000",NW,N,250,75684.22,75684.22,485198.3,4356460.2,1520,2418,0
1621,"Western Toiyabe Range fault zone, main Toiyabe section",0.076,"<1,600,000",NW,N,250,4061.15,4061.15,472834.8,4329193.8,1793,2294,0
1622,"Western Toiyabe Range fault zone, main Toiyabe section",0.076,"<130,000",NW,N,250,10034.25,10034.25,475271.1,4339602.6,1689,2319,0
1623,"Western Toiyabe Range fault zone, southeastern Carico Lake Valley section",0.076,"<130,000",NW,N,250,30023.72,30023.72,508553.4,4419477.1,890,2652,0
1644,Wild Rose Spring fault,0.0001,"<1,600,000",Unspecified,N,250,12022.44,10173.29,447241.5,4136202.2,3723,2038,0
1657,Honey Lake fault zone,1.6,"<15,000",Unspecified,RL,250,4273.87,4273.87,265350.1,4411162.8,973,220,1
1658,Honey Lake fault zone,1.6,"<15,000",Unspecified,RL,250,40099.61,40099.61,251096.3,4424643.5,839,77,0
1659,Honey Lake fault zone,1.6,"<15,000",Unspecified,RL,250,2655.96,2655.96,266642.3,4409864.1,986,232,1
1660,Honey Lake fault zone,1.6,"<15,000",Unspecified,RL,250,19993.37,19993.37,252010.2,4424053.7,844,86,0
1661,Warm Springs Valley fault zone,2.1,"<15,000",Unspecified,RL,250,65023.52,65023.52,250527.7,4435148.6,734,71,0
1662,Genoa fault,2,"<15,000",E,N,250,76576.74,76576.74,254875.0,4305860.6,2026,115,0
1663,Genoa fault,2,"<15,000",E,N,250,3031.39,3031.39,254360.5,4305349.5,2032,110,0
1664,Antelope Valley fault zone,1,"<15,000",Unspecified,N,250,4566.06,4566.06,275837.3,4293940.5,2146,324,0
1665,"Smith Valley fault zone, unnamed southern section",0.195,"<1,600,000",N,N,250,6073.8,6073.8,301065.4,4276094.9,2324,577,0
1666,"Smith Valley fault zone, unnamed southern section",0.195,"<1,600,000",NE,N,250,1560.09,1560.09,302126.1,4267689.5,2408,587,0
1667,"Smith Valley fault zone, unnamed southern section",0.195,"<1,600,000",SE,N,250,704.15,704.15,304729.7,4264332.3,2442,613,0
1668,"Smith Valley fault zone, unnamed southern section",0.195,"<1,600,000",SW,N,250,2092.51,2092.51,303476.3,4268102.0,2404,601,0
1669,"Smith Valley fault zone, unnamed southern section",0.195,"<1,600,000",Unspecified,N,250,106656.82,106656.82,304160.9,4271326.4,2372,608,0
1670,"Smith Valley fault zone, unnamed southern section",0.195,"<1,600,000",W,N,250,8496.88,8496.88,303635.4,4267900.1,2406,602,0
1671,Unnamed faults near Alkali Valley,0.001,"<1,600,000",Unspecified,LL,250,109113.78,109113.78,340620.7,4230839.5,2777,972,0
1672,Unnamed faults near Alkali Valley,0.001,"<1,600,000",Unspecified,LL,250,22963.67,22963.67,344848.3,4238535.1,2700,1014,0
1673,Unnamed faults in southwestern Excelsior Mountains,0.124,"<1,600,000",Unspecified,LL,250,27840.45,27840.45,351353.7,4224553.7,2839,1080,0
1674,Unnamed faults in southwestern Excelsior Mountains,0.124,"<1,600,000",Unspecified,LL,250,16064.94,16064.94,350755.4,4223546.5,2850,1074,0
1675,Unnamed faults in southwestern Excelsior Mountains,0.124,"<1,600,000",NW,LL,250,6191.28,6191.28,349415.0,4226353.2,2821,1060,0
1676,Huntoon Valley fault system,0.124,"<1,600,000",Unspecified,LL,250,17896.26,17896.26,368080.6,4228860.0,2796,1247,0
1677,Unnamed faults near Teels Marsh,0.124,"<1,600,000",Unspecified,LL,250,190548.66,190548.66,367062.5,4215242.2,2933,1237,1
1678,"White Mountains fault zone, Montgomery section",1.4,"<15,000",Unspecified,N,250,4401.13,4401.13,378272.5,4195650.8,3128,1349,1
1679,"Fish Lake Valley fault zone, Leidy Creek section",2.5,"<15,000",nan,RL,250,37120.95,37120.95,399067.4,4187093.0,3214,1557,1
1680,"Fish Lake Valley fault zone, Cucomongo section",3,"<15,000",W,RL,250,947.61,947.61,413546.3,4159503.3,3490,1701,1
1682,Unnamed fault east of Bridgeport,0.0001,"<130,000",nan,nan,100,1732.24,1732.24,307030.3,4235726.5,2728,636,0
1683,Unnamed fault east of Bridgeport,0.0001,"<130,000",nan,nan,100,1637.2,1637.2,307232.0,4237333.1,2712,638,0
1684,unnamed fault,0.0001,"<1,600,000",nan,nan,100,5668.36,5154.23,300975.2,4231106.2,2774,576,0
1685,unnamed fault,0.001,"<1,600,000",nan,nan,100,1750.98,1750.98,271765.9,4281241.9,2273,284,0
1686,unnamed fault,0.0001,"<130,000",nan,nan,100,41676.28,41676.28,317565.0,4193749.6,3148,742,0
1687,unnamed fault,0.001,"<1,600,000",nan,nan,100,2149.49,2149.49,271864.7,4280821.3,2277,285,0
1688,"Hartley Springs fault zone (""Earthquake fault"")",0.5,<150,nan,N,100,3621.9,3621.9,323441.6,4169567.5,3389,800,0
1698,Alpers Canyon fault,0.05,"<1,600,000",nan,nan,100,4633.1,4633.1,329310.8,4181755.0,3267,859,0
1699,Alpers Canyon fault,0.05,"<1,600,000",nan,nan,100,3393.54,3393.54,328110.6,4183006.4,3255,847,0
1705,Antelope Valley fault zone (Antelope Valley fault),1,"<15,000",nan,N,100,13570.73,13570.73,277999.3,4286007.5,2225,346,0
1706,Antelope Valley fault zone (Antelope Valley fault),1,"<15,000",nan,N,100,18917.45,18917.45,281269.6,4272570.4,2359,379,0
1707,Antelope Valley fault zone (Antelope Valley fault),1,"<15,000",nan,N,100,3767.71,3767.71,284072.7,4262506.9,2460,407,0
1708,Bald Mountain graben,0.001,"<1,600,000",nan,N,100,988.67,988.67,335822.9,4181841.9,3267,924,0
1709,Bald Mountain graben,0.001,"<1,600,000",nan,N,100,31944.55,31944.55,332630.7,4187575.0,3209,892,0
1710,Baxter Spring fault,0.05,"<130,000",nan,N,100,8629.19,8629.19,339131.4,4194408.5,3141,957,0
1711,Baxter Spring fault,0.05,"<130,000",nan,N,100,1849.45,1849.45,342521.5,4190738.6,3178,991,0
1712,Baxter Spring fault,0.05,"<130,000",nan,N,100,178.74,178.74,343353.6,4188452.0,3200,1000,0
1713,Baxter Spring fault,0.05,"<1,600,000",nan,N,100,9203.77,9203.77,341928.2,4189636.8,3189,985,0
1714,"White Mountains fault zone, Montgomery section (Benton Valley fault)",0.7,"<15,000",nan,N,100,637.58,637.58,368909.4,4195177.5,3133,1255,0
1715,"White Mountains fault zone, Montgomery section (Benton Valley fault)",0.7,"<15,000",nan,N,100,636.3,636.3,370953.3,4192329.0,3162,1276,0
1716,"White Mountains fault zone, Montgomery section (Benton Valley fault)",0.7,"<15,000",nan,N,100,4780.71,4780.71,369151.4,4194670.8,3138,1258,0
1719,Black Mountain fault,0.1,"<130,000",nan,N,100,2481.86,2481.86,354837.8,4186476.1,3220,1114,0
1720,Black Mountain fault,0.1,"<130,000",nan,N,100,7251.88,7251.88,355582.3,4189050.9,3194,1122,0
1721,Black Mountain fault,0.1,"<130,000",nan,N,100,12536.68,12536.68,355600.4,4189130.5,3194,1122,0
1722,Robinson Creek fault zone (Bridgeport Basin faults),0.5,"<15,000",nan,N,100,1104.16,1104.16,303827.6,4230089.3,2784,604,0
1723,Robinson Creek fault zone (Bridgeport Basin faults),0.5,"<15,000",nan,N,100,2615.88,2615.88,302736.2,4235145.1,2734,593,0
1724,Robinson Creek fault zone (Bridgeport Basin faults),0.5,"<15,000",nan,N,100,20510.36,20510.36,301764.2,4234824.0,2737,584,0
1727,Benton Range fault zone (Casa Diablo Mountain fault),0.1,"<1,600,000",nan,N,100,1386.61,1386.61,362225.1,4160133.1,3484,1188,0
1728,Benton Range fault zone (Casa Diablo Mountain fault),0.1,"<1,600,000",nan,N,100,12440.76,12440.76,362338.1,4158208.0,3503,1189,0
1729,Clover Patch fault zone (Clover Patch fault),0.01,"<1,600,000",nan,N,100,1393.96,1393.96,352880.0,4178945.0,3296,1095,0
1730,Clover Patch fault zone (Clover Patch fault),0.01,"<1,600,000",nan,N,100,3661.99,3661.99,356930.6,4171684.0,3368,1135,0
1731,Clover Patch fault zone (Clover Patch fault),0.01,"<1,600,000",nan,N,100,19356.85,19356.85,356599.2,4171272.0,3372,1132,0
1735,Deep Springs fault,1.2,"<15,000",nan,N,100,2933.07,1051.03,414860.5,4139720.9,3688,1715,0
1736,Deep Springs fault,1.2,"<15,000",nan,N,100,36992.31,12163.9,414828.4,4138681.8,3698,1714,0
1745,Antelope Valley fault zone (East Antelope Valley fault zone),0.001,"<130,000",nan,N,100,18225.73,18225.73,287641.1,4268045.2,2405,442,0
1746,Antelope Valley fault zone (East Antelope Valley fault zone),0.001,"<130,000",nan,N,100,11910.2,11910.2,286307.6,4269550.6,2389,429,0
1747,Antelope Valley fault zone (East Antelope Valley fault zone),0.001,"<130,000",nan,N,100,14908.91,14908.91,287533.3,4269803.0,2387,441,0
1748,Antelope Valley fault zone (East Antelope Valley fault zone),0.001,"<130,000",nan,N,100,2694.37,2694.37,285982.2,4276116.3,2324,426,0
1749,Antelope Valley fault zone (East Antelope Valley fault zone),0.001,"<130,000",nan,N,100,9967.86,9967.86,286650.6,4279129.4,2294,433,0
1754,Fish Slough fault,0.2,"<15,000",nan,N,100,750.22,750.22,376324.4,4159003.6,3495,1329,0
1755,Fish Slough fault,0.2,"<15,000",nan,N,100,46248.8,46248.8,376337.2,4150146.0,3584,1329,0
1764,Genoa fault,2,"<15,000",E,N,100,3217.04,3217.04,256011.9,4297963.7,2105,126,0
1770,Granite Mountain fault,0.05,"<1,600,000",nan,N,100,4860.62,4860.62,346339.8,4199711.4,3088,1029,0
1771,Granite Mountain fault,0.05,"<1,600,000",nan,N,100,968.92,968.92,346093.7,4199612.3,3089,1027,0
1772,Hartley Springs fault zone (Hartely Springs fault),0.5,"<15,000",nan,N,100,775.89,775.89,322301.6,4177771.7,3307,789,0
1773,Hartley Springs fault zone (Hartely Springs fault),0.5,"<15,000",nan,N,100,13673.08,13673.08,320699.9,4182616.1,3259,773,0
1777,Hilton Creek fault zone (Hilton Creek fault),1.5,<150,nan,N,100,2389.41,2389.41,336472.8,4167504.5,3410,931,0
1778,Hilton Creek fault zone (Hilton Creek fault),1.5,<150,nan,N,100,379.86,379.86,336092.8,4167561.6,3409,927,0
1779,Hilton Creek fault zone (Hilton Creek fault),1.5,<150,nan,N,100,91345.81,91345.81,337034.8,4167583.0,3409,936,0
1780,Hilton Creek fault zone (Hilton Creek fault),1.5,"<15,000",nan,N,100,3690.03,3690.03,340737.6,4158246.4,3503,973,0
1781,Hilton Creek fault zone (Hilton Creek fault),1.5,"<15,000",nan,N,100,102.07,102.07,328715.4,4173079.2,3354,853,0
1782,Hilton Creek fault zone (Hilton Creek fault),1.5,"<15,000",nan,N,100,58539.98,58539.98,330700.1,4172899.7,3356,873,0
1788,Robinson Creek fault zone (Hunewill Hills fault zone),0.5,"<15,000",nan,N,100,366.76,366.76,299943.0,4226523.7,2820,565,0
1789,Robinson Creek fault zone (Hunewill Hills fault zone),0.195,"<15,000",nan,N,100,7794.08,7794.08,300391.7,4226408.4,2821,570,0
1790,Incline Village fault,0.3,"<15,000",E,N,100,7603.9,2172.64,246534.3,4352777.2,1557,31,0
1791,Incline Village fault,0.3,"<15,000",nan,N,100,12623.76,12421.73,244317.7,4346041.4,1625,9,0
1792,Indian Spring fault,0.05,"<1,600,000",nan,N,100,4197.27,4197.27,338570.8,4196736.7,3118,952,0
1793,Indian Spring fault,0.05,"<1,600,000",nan,N,100,4115.41,4115.41,337076.6,4200470.1,3080,937,0
1799,Antelope Valley fault zone (Larson Lane fault),0.001,"<15,000",nan,N,100,439.62,439.62,284679.1,4268790.6,2397,413,0
1800,Antelope Valley fault zone (Larson Lane fault),0.001,"<15,000",nan,N,100,3364.89,3364.89,284614.1,4267507.2,2410,412,0
1819,Mono Lake fault,0.9,"<15,000",nan,N,100,1541.85,1541.85,308727.2,4218738.7,2898,653,0
1820,Mono Lake fault,0.9,"<15,000",nan,N,100,8560.37,8560.37,313542.0,4203225.8,3053,701,0
1821,Mono Lake fault,0.9,"<15,000",nan,N,100,11950.45,11950.45,310049.1,4210538.2,2980,666,0
1832,"Owens Valley fault zone, Keough Hot Springs section (Owens Valley fault)",3,"<15,000",nan,RL,100,49287.01,2068.91,377985.7,4136327.9,3722,1346,0
1833,Northern Queen Valley fault,0.195,"<130,000",nan,N,100,10189.22,10189.22,383256.3,4203992.0,3045,1399,1
1834,Owens River Gorge fault zone (Owens River Gorge fault),0.1,"<130,000",nan,N,100,3341.31,3341.31,355949.7,4159402.5,3491,1125,0
1835,Owens River Gorge fault zone (Owens River Gorge fault),0.1,"<130,000",nan,N,100,30384.15,30384.15,356935.4,4159784.9,3487,1135,0
1847,Hartley Springs fault zone (Reversed Peak fault),0.5,"<15,000",nan,N,100,4373.75,4373.75,315938.4,4185427.1,3231,725,0
1848,Robinson Creek fault zone (Robinson Creek fault),0.5,"<15,000",nan,N,100,2233.74,2233.74,300399.1,4239097.3,2694,570,0
1849,Robinson Creek fault zone (Robinson Creek fault),0.5,"<15,000",nan,N,100,1285.99,1285.99,299556.7,4237856.0,2706,562,0
1850,Robinson Creek fault zone (Robinson Creek fault),0.5,"<15,000",nan,N,100,8366.16,8366.16,297619.6,4234809.4,2737,542,0
1853,Round Valley fault zone (Round Valley fault),0.6,"<15,000",nan,N,100,2683.8,2297.43,352169.4,4151962.1,3565,1088,0
1854,Round Valley fault zone (Round Valley fault),0.6,"<15,000",nan,N,100,60090.26,49740.89,353468.0,4148880.6,3596,1101,0
1855,Round Valley fault zone (Round Valley fault),0.6,"<15,000",nan,N,100,405.31,405.31,346852.5,4158946.7,3496,1035,0
1856,Round Valley fault zone (Round Valley fault),0.6,"<15,000",nan,N,100,1075.06,1075.06,347147.4,4158307.4,3502,1037,0
1857,Sagehen Peak fault,1,"<1,600,000",nan,N,100,5418.39,5418.39,336908.5,4185781.7,3227,935,0
1858,Sagehen Peak fault,1,"<1,600,000",nan,N,100,60946.89,60946.89,337666.5,4189546.2,3190,943,0
1859,Silver Lake fault,0.195,"<15,000",nan,N,100,5808.3,5808.3,313242.3,4181453.2,3270,698,0
1860,Silver Lake fault,0.195,"<15,000",nan,N,100,719.54,719.54,313291.2,4185427.4,3231,699,0
1861,Silver Lake fault,0.195,"<15,000",nan,N,100,3717.94,3717.94,313383.9,4185836.0,3227,700,0
1862,Silver Lake fault,0.195,"<15,000",nan,N,100,4414.38,4414.38,309043.4,4193964.8,3145,656,0
1863,Silver Lake fault,0.195,"<15,000",nan,N,100,8304.26,8304.26,311054.4,4187649.4,3209,677,0
1864,Silver Lake fault,0.195,"<15,000",nan,N,100,361.6,361.6,314350.5,4178150.6,3303,710,0
1865,Silver Lake fault,0.195,"<1,600,000",nan,N,100,11762.53,11762.53,305240.1,4202336.9,3062,618,0
1867,Slinkard Valley fault,0.195,"<130,000",nan,N,100,2845.93,2845.93,277772.2,4267585.7,2409,344,0
1868,Slinkard Valley fault,0.195,"<130,000",nan,N,100,9405.13,9405.13,275968.1,4272865.4,2356,326,0
1869,Slinkard Valley fault,0.195,"<130,000",nan,N,100,9489.93,9489.93,275514.3,4274050.4,2344,321,0
1880,Watterson Canyon fault,0.001,"<750,000",nan,nan,100,4347.65,4347.65,350825.5,4173630.4,3349,1074,0
1881,Watterson Canyon fault,0.001,"<750,000",nan,nan,100,3997.74,3997.74,350732.3,4170797.5,3377,1073,0
1882,Watterson Canyon fault,0.001,"<750,000",nan,nan,100,31303.53,31303.53,352079.6,4174696.9,3338,1087,0
1884,Wheeler Crest fault,0.1,"<130,000",nan,nan,100,16437.62,14256.14,352096.8,4144550.4,3639,1087,0
1885,"White Mountains fault zone, central section (White Mountains fault)",1.4,<150,nan,RL,100,319.49,319.49,382180.9,4151346.7,3572,1388,0
1886,"White Mountains fault zone, central section (White Mountains fault)",1.4,<150,nan,RL,100,663.02,663.02,383259.9,4144845.7,3637,1399,0
1887,"White Mountains fault zone, central section (White Mountains fault)",1.4,<150,nan,RL,100,11471.2,11471.2,382496.3,4148999.0,3595,1391,0
1889,"White Mountains fault zone, White Mountains fault, Montgomery section",1.4,"<15,000",nan,N,100,7650.67,7650.67,376871.4,4181153.3,3273,1335,0
1890,"White Mountains fault zone, central section (White Mountains fault)",1.4,"<15,000",nan,RL,100,6308.61,2277.11,381867.1,4153115.1,3554,1385,0
1892,"White Mountains fault zone, White Mountains fault, Montgomery section",1.4,"<15,000",nan,N,100,4019.38,4019.38,375302.9,4188448.1,3201,1319,0
1893,"White Mountains fault zone, central section (White Mountains fault)",1.4,"<15,000",nan,RL,100,42707.08,27842.79,382824.5,4146933.4,3616,1394,0
1895,"White Mountains fault zone, White Mountains fault, Montgomery section",1.4,"<15,000",nan,N,100,18726.9,18726.9,376033.8,4187408.3,3211,1326,0
1896,Benton Range fault zone (Wildrose fault),0.1,"<1,600,000",nan,N,100,4886.43,4886.43,359718.9,4177957.4,3305,1163,0
1897,Benton Range fault zone (Wildrose fault),0.1,"<1,600,000",nan,N,100,2520.72,2520.72,357714.5,4175207.1,3333,1143,0
1899,Antelope Valley fault zone,1,"<15,000",nan,N,100,1972.63,1972.63,279844.6,4267926.0,2406,364,0
1900,Antelope Valley fault zone,1,"<15,000",nan,N,100,3275.6,3275.6,282190.5,4266725.8,2418,388,0
1901,Antelope Valley fault zone,1,"<15,000",nan,N,100,2390.44,2390.44,281365.3,4265975.8,2425,380,0
1902,Antelope Valley fault zone,1,"<15,000",nan,N,100,6717.8,6717.8,281923.1,4266316.1,2422,385,0
1903,Benton Range fault zone,0.1,"<1,600,000",nan,N,100,33833.2,33833.2,360953.2,4180776.2,3277,1176,0
1904,Benton Range fault zone,0.1,"<1,600,000",nan,N,100,17819.38,17819.38,361098.1,4168042.5,3405,1177,0
1909,Clover Patch fault zone,0.1,"<1,600,000",nan,N,100,4482.15,4482.15,359257.1,4163133.6,3454,1159,0
1910,Clover Patch fault zone,0.1,"<1,600,000",nan,N,100,31292.83,31292.83,358958.2,4162803.4,3457,1156,0
1917,East Carson Valley fault zone,0.195,"<15,000",Unspecified,N,100,8289.89,8289.89,268655.5,4291494.3,2170,253,0
1918,East Carson Valley fault zone,0.195,"<15,000",Unspecified,N,100,2607.54,2607.54,266743.5,4293439.3,2151,233,0
1919,East Carson Valley fault zone,0.195,"<15,000",Unspecified,N,100,45405.42,45405.42,266372.0,4293881.6,2146,230,0
1923,"Fish Lake Valley fault zone, Oasis section",3,"<15,000",nan,RL,100,5309.46,5309.46,424432.1,4140933.6,3676,1810,1
1925,"Fish Lake Valley fault zone, Wildhorse Creek section",3,"<15,000",nan,RL,100,529.65,529.65,404239.8,4166170.0,3423,1608,1
1927,"Fish Lake Valley fault zone, Oasis section",3,"<15,000",nan,RL,100,5386.26,5386.26,416650.2,4150525.7,3580,1733,1
1929,"Fish Lake Valley fault zone, Leidy Creek section",2.5,"<15,000",nan,RL,100,44285.03,44285.03,397464.6,4180291.2,3282,1541,1
1930,"Fish Lake Valley fault zone, Wildhorse Creek section",3,"<15,000",nan,RL,100,5258.64,5258.64,404439.1,4165239.8,3433,1610,1
1931,"Fish Lake Valley fault zone, Oasis section",3.1,"<15,000",nan,RL,100,742.05,742.05,424343.7,4141365.6,3671,1809,1
1932,"Fish Lake Valley fault zone, Cucomongo section",4.5,"<15,000",nan,RL,100,11729.77,943.61,428277.6,4136008.2,3725,1849,1
1933,"Fish Lake Valley fault zone, Leidy Creek section",3,"<15,000",nan,N,100,6911.55,6911.55,403206.5,4169339.2,3392,1598,1
1934,"Fish Lake Valley fault zone, Wildhorse Creek section",3,"<15,000",nan,N,100,10475.81,10475.81,403104.6,4169120.5,3394,1597,1
1937,"Fish Lake Valley fault zone, Oasis section",3,"<15,000",nan,RL,100,54847.56,54847.56,416184.8,4151052.5,3574,1728,1
1938,"Fish Lake Valley fault zone, Oasis section",3,"<15,000",nan,RL,100,10677.65,10677.65,422541.1,4141775.6,3667,1791,0
1939,"Fish Lake Valley fault zone, Leidy Creek section",2.5,"<15,000",nan,N,100,36514.96,36514.96,400694.7,4182509.1,3260,1573,1
1940,"Fish Lake Valley fault zone, Oasis section",3.1,"<15,000",nan,N,100,14391.3,14391.3,428599.6,4142024.8,3665,1852,1
1941,Fish Slough fault,0.2,"<15,000",nan,N,100,650.85,650.85,376572.3,4137904.3,3706,1332,0
1951,Hartley Springs fault zone,0.5,"<15,000",nan,N,100,438.22,438.22,322859.1,4173982.1,3345,795,0
1952,Hartley Springs fault zone,0.5,"<15,000",nan,N,100,38943.61,38943.61,320159.8,4179447.0,3291,768,0
1965,Honey Lake fault zone,1.6,"<130,000",NE,RL,100,10181.06,187.89,243431.9,4423564.1,849,0,0
1966,Honey Lake fault zone,1.6,"<1,600,000",nan,RL,100,2665.63,225.32,243446.0,4424384.5,841,0,0
1967,Huntoon Valley fault system,0.124,"<1,600,000",Unspecified,LL,100,30989.36,30989.36,354405.5,4212602.9,2959,1110,0
1968,Huntoon Valley fault system,0.124,"<1,600,000",Unspecified,LL,100,34941.19,34941.19,354725.3,4212829.4,2957,1113,0
1981,Long Valley Caldera ring fault,0.0001,"<750,000",nan,N,100,82532.31,82532.31,335182.7,4172361.8,3361,918,0
1982,Long Valley fault zone,0.1,"<15,000",nan,nan,100,76908.74,76908.74,347016.4,4172419.7,3361,1036,0
1983,Long Valley fault zone,0.1,"<15,000",nan,nan,100,4885.69,4885.69,354198.5,4156740.6,3518,1108,0
1984,Long Valley fault zone,0.1,"<15,000",nan,nan,100,1089.42,1089.42,355044.0,4155699.8,3528,1116,0
1985,Long Valley fault zone,0.1,"<15,000",nan,nan,100,74816.16,74816.16,351518.6,4163325.6,3452,1081,0
2000,Owens River Gorge fault zone,0.1,"<130,000",nan,N,100,5202.97,5202.97,354213.9,4163725.4,3448,1108,0
2005,Round Valley fault zone,0.6,"<15,000",nan,N,100,463.78,463.78,347713.4,4157799.2,3507,1043,0
2008,Sagehen Peak fault,1,"<1,600,000",nan,N,100,2729.87,2729.87,339375.4,4191841.0,3167,960,0
2009,"Smith Valley fault zone, unnamed southern section",0.195,"<1,600,000",Unspecified,N,100,10850.48,10850.48,305015.2,4257936.3,2506,616,0
2015,Tahoe Valley fault zone,0.001,"<1,600,000",nan,N,100,15856.56,1033.57,243973.6,4314667.1,1938,6,0
2029,unnamed fault on NW side Tungsten Hills,0.001,"<15,000",nan,nan,100,7233.14,5116.48,361155.0,4137663.6,3708,1178,0
2030,unnamed fault on NW side Tungsten Hills,0.001,"<15,000",nan,nan,100,5899.63,5899.63,365047.2,4141430.6,3671,1216,0
2031,unnamed faults NW of Adobe Valley,0.05,"<130,000",nan,N,100,3299.14,3299.14,347973.3,4200702.7,3078,1046,0
2032,unnamed faults NW of Adobe Valley,0.05,"<130,000",nan,N,100,10887.8,10887.8,347578.7,4201462.8,3070,1042,0
2033,unnamed faults NW of Adobe Valley,0.05,"<1,600,000",nan,N,100,396.17,396.17,349440.4,4199622.3,3089,1060,0
2034,unnamed faults NW of Adobe Valley,0.05,"<1,600,000",nan,N,100,3407.12,3407.12,349694.7,4198399.6,3101,1063,0
2038,unnamed faults east of River Spring,0.001,"<1,600,000",nan,N,100,2701.9,2701.9,364825.4,4200168.8,3083,1214,0
2039,unnamed faults east of River Spring,0.001,"<1,600,000",nan,nan,100,2099.16,2099.16,364519.5,4199814.3,3087,1211,0
2040,unnamed faults east of River Spring,0.001,"<1,600,000",nan,N,100,7126.12,7126.12,365558.9,4200294.5,3082,1222,0
2050,unnamed faults in Long Valley Caldera,0.01,"<130,000",nan,N,100,393.08,393.08,342202.9,4170252.9,3382,988,0
2051,unnamed faults in Long Valley Caldera,0.01,"<130,000",nan,N,100,49826.78,49826.78,343032.0,4170669.0,3378,996,0
2060,unnamed faults in Volcanic Tablelands,0.1,<150,nan,N,100,33942.84,33942.84,369675.6,4161743.4,3468,1263,0
2061,unnamed faults in Volcanic Tablelands,0.1,<150,nan,N,100,733.49,733.49,368759.5,4153242.3,3553,1254,0
2062,unnamed faults in Volcanic Tablelands,0.1,"<15,000",nan,N,100,9231.85,9231.85,368803.4,4162520.0,3460,1254,0
2063,unnamed faults in Volcanic Tablelands,0.1,"<15,000",nan,N,100,383655.64,379908.11,370232.1,4148499.3,3600,1268,0
2064,unnamed faults in southwestern Excelsior Mountains,0.124,"<130,000",Unspecified,LL,100,1126.9,1126.9,342593.4,4224611.8,2839,992,0
2065,unnamed  faults in southwestern Excelsior Mountains,0.124,"<130,000",Unspecified,LL,100,3601.44,3601.44,341339.3,4222797.7,2857,979,0
2066,unnamed faults in southwestern Excelsior Mountains,0.124,"<130,000",Unspecified,LL,100,15747.93,15747.93,343621.5,4224665.0,2838,1002,0
2067,unnamed faults in southwestern Excelsior Mountains,0.124,"<1,600,000",Unspecified,LL,100,15178.28,15178.28,345548.8,4215792.2,2927,1021,0
2068,unnamed faults in southwestern Excelsior Mountains,0.124,"<1,600,000",Unspecified,LL,100,37628.84,37628.84,348680.7,4214392.7,2941,1053,0
2069,unnamed faults in southwestern Excelsior Mountains,0.124,"<1,600,000",Unspecified,LL,100,3379.45,3379.45,353522.9,4215951.0,2925,1101,0
2070,unnamed faults in southwestern Excelsior Mountains,0.124,"<1,600,000",Unspecified,LL,100,1930.71,1930.71,344592.3,4227447.2,2811,1012,0
2071,unnamed faults in southwestern Excelsior Mountains,0.124,"<1,600,000",Unspecified,LL,100,93057.77,93057.77,347411.3,4214667.3,2938,1040,0
2072,unnamed faults in southwestern Excelsior Mountains,0.124,"<1,600,000",Unspecified,LL,100,15267.52,15267.52,347829.6,4207083.4,3014,1044,0
2073,Unnamed faults near Alkali Valley,0.001,"<1,600,000",Unspecified,LL,100,23458.06,23458.06,338715.6,4228777.1,2797,953,0
2074,unnamed faults near Big Sand Flat,0.05,"<1,600,000",nan,N,100,4795.53,4795.53,333537.6,4190259.4,3182,901,0
2075,unnamed faults near Big Sand Flat,0.05,"<1,600,000",nan,N,100,2529.98,2529.98,334423.5,4196178.5,3123,910,0
2076,unnamed  faults near Big Sand Flat,0.05,"<1,600,000",nan,N,100,11982.6,11982.6,334238.7,4196197.1,3123,908,0
2077,unnamed faults near Black Mountain,0.1,"<130,000",nan,N,100,279.88,279.88,357981.4,4188140.4,3204,1146,0
2078,unnamed faults near Black Mountain,0.1,"<130,000",nan,N,100,1514.24,1514.24,358175.9,4191416.7,3171,1148,0
2079,unnamed faults near Black Mountain,0.1,"<130,000",nan,N,100,9217.97,9217.97,358431.6,4190859.2,3176,1150,0
2080,unnamed faults near Black Mountain,0.1,"<130,000",nan,N,100,3339.35,3339.35,358552.4,4195101.2,3134,1152,0
2081,unnamed faults near Black Mountain,0.1,"<130,000",nan,N,100,2988.51,2988.51,358819.8,4187597.9,3209,1154,0
2082,unnamed faults near Black Mountain,0.1,"<1,600,000",nan,N,100,3836.28,3836.28,359811.3,4182786.9,3257,1164,0
2083,unnamed faults near Black Mountain,0.1,"<1,600,000",nan,N,100,55072.83,55072.83,357804.6,4182387.3,3261,1144,0
2084,unnamed faults near Dexter Canyon,0.05,"<1,600,000",nan,N,100,5401.06,5401.06,345163.6,4191724.4,3168,1018,0
2085,unnamed faults near Dexter Canyon,0.05,"<1,600,000",nan,N,100,2571.12,2571.12,345903.2,4195528.5,3130,1025,0
2086,unnamed faults near Dexter Canyon,0.05,"<1,600,000",nan,N,100,52285.24,52285.24,345170.2,4194217.0,3143,1018,0
2087,unnamed faults near East Walker River,0.0001,"<1,600,000",Unspecified,N,100,9533.06,9533.06,307428.1,4245034.2,2635,640,0
2088,Unnamed faults near Teels Marsh,0.124,"<1,600,000",Unspecified,LL,100,9706.4,9706.4,358192.9,4208358.2,3001,1148,0
2093,unnamed  faults south of Mono Lake,0.001,"<130,000",nan,N,100,550.64,550.64,323330.5,4199778.6,3087,799,0
2094,unnamed faults south of Mono Lake,0.001,"<130,000",nan,N,100,20145.34,20145.34,325817.9,4200041.7,3085,824,0
2095,unnamed faults west of Aurora Crater,0.001,"<1,600,000",Unspecified,N,100,27357.55,27357.55,320648.4,4241875.8,2666,772,0
2096,unnamed faults west of Aurora Crater,0.001,"<1,600,000",Unspecified,N,100,8259.07,8259.07,318305.0,4241855.9,2666,749,0
2097,unnamed faults west of Aurora Crater,0.001,"<1,600,000",Unspecified,N,100,39044.0,39044.0,328074.1,4242282.6,2662,847,0
2098,unnamed faults west of Bald Mountain,0.01,"<1,600,000",nan,N,100,27144.08,27144.08,326401.4,4186516.0,3220,830,0
2099,unnamed faults west of Bald Mountain,0.01,"<1,600,000",nan,N,100,36282.34,36282.34,328249.7,4183112.2,3254,848,0
2104,Warm Springs Valley fault zone,2.1,"<15,000",nan,RL,100,9524.22,1577.12,244115.3,4451261.7,572,7,0
2105,Warm Springs Valley fault zone,2.1,"<15,000",nan,RL,100,9266.47,953.49,243788.7,4440085.7,684,4,0
2106,Warm Springs Valley fault zone,2.1,"<15,000",nan,RL,100,65977.69,19980.3,245918.6,4452579.7,559,25,0
2110,West Walker River fault zone,0.195,"<15,000",nan,N,100,5254.32,5254.32,283830.5,4245619.2,2629,404,0
2111,West Walker River fault zone,0.195,"<130,000",nan,N,100,12004.55,12004.55,286027.4,4254018.4,2545,426,0
2112,West Walker River fault zone,0.195,"<1,600,000",nan,N,100,6731.27,6731.27,284860.8,4252896.5,2556,415,0
2113,"White Mountains fault zone, Montgomery section",1.4,"<15,000",nan,RL,100,15850.12,15850.12,380141.1,4198340.3,3102,1367,1
2114,"White Mountains fault zone, Hammil section",1.4,"<15,000",nan,N,100,51647.5,51647.5,381298.6,4171062.9,3374,1379,0
2115,unnamed fault,0.1,"<15,000",nan,nan,100,1438.36,1438.36,317328.4,4178637.9,3299,739,0
2116,unnamed fault,0.9,"<15,000",nan,N,100,13061.72,13061.72,323989.4,4179082.4,3294,806,0
2117,unnamed fault,0.1,"<130,000",nan,N,100,837.94,837.94,363854.1,4186108.9,3224,1205,0
2118,unnamed fault,0.1,"<130,000",nan,N,100,5680.93,5680.93,363867.8,4185915.5,3226,1205,0
2119,unnamed fault,0.1,"<1,600,000",nan,nan,100,883.18,883.18,310475.0,4192969.2,3155,671,0
2120,unnamed fault,0.1,"<130,000",nan,N,100,4103.04,4103.04,312757.8,4192315.0,3162,694,0
2121,unnamed fault,0.1,"<130,000",nan,nan,100,825.58,825.58,338484.3,4164137.0,3444,951,0
2122,unnamed fault,0.1,"<130,000",nan,N,100,4221.05,4221.05,329121.5,4176429.7,3321,857,0
2123,unnamed fault,0.1,"<130,000",nan,nan,100,7661.12,7661.12,334760.3,4167499.4,3410,914,0
2124,unnamed fault,0.1,"<130,000",nan,N,100,23593.01,23593.01,322818.3,4161463.0,3470,794,0
2200,unnamed fault,3.1,"<15,000",nan,nan,100,333.16,333.16,425455.8,4145868.8,3626,1821,1
2201,unnamed fault,0.1,"<130,000",nan,nan,100,2622.13,2622.13,361459.6,4148210.6,3603,1181,0
2202,unnamed fault,0.1,"<130,000",nan,nan,100,4643.74,4643.74,358809.2,4150120.0,3584,1154,0
2203,unnamed fault,0.1,"<130,000",nan,nan,100,326.37,326.37,331557.0,4164574.5,3439,882,0
2204,unnamed fault,0.1,"<130,000",nan,nan,100,1110.27,1110.27,373270.3,4166378.1,3421,1299,0
2205,unnamed fault,0.1,"<130,000",nan,nan,100,946.27,946.27,372870.7,4166974.3,3415,1295,0
2206,unnamed fault,0.1,"<130,000",nan,nan,100,1057.81,1057.81,374034.4,4167129.5,3414,1306,0
2207,unnamed fault,0.1,"<130,000",nan,nan,100,928.64,928.64,372720.5,4168021.7,3405,1293,0
2208,unnamed fault,0.1,"<130,000",nan,nan,100,942.69,942.69,370473.5,4168079.2,3404,1271,0
2209,unnamed fault,0.1,"<130,000",nan,nan,100,5187.33,5187.33,366321.1,4170452.5,3380,1229,0
2210,unnamed fault,0.1,"<130,000",nan,nan,100,873.28,873.28,373482.6,4168370.4,3401,1301,0
2211,unnamed fault,0.1,"<130,000",nan,nan,100,884.12,884.12,370059.7,4169460.0,3390,1267,0
2212,unnamed fault,0.1,"<130,000",nan,nan,100,2804.01,2804.01,364663.7,4170843.4,3377,1213,0
2213,unnamed fault,0.1,"<130,000",nan,nan,100,1151.37,1151.37,371801.0,4171364.4,3371,1284,0
2214,unnamed fault,0.1,"<130,000",nan,nan,100,2418.39,2418.39,373004.3,4170007.6,3385,1296,0
2215,unnamed fault,0.1,"<130,000",nan,nan,100,1122.58,1122.58,372697.6,4172610.0,3359,1293,0
2216,unnamed fault,0.1,"<130,000",nan,nan,100,1092.23,1092.23,372081.1,4173120.3,3354,1287,0
2217,unnamed fault,0.1,"<130,000",nan,nan,100,743.47,743.47,373706.1,4173927.4,3346,1303,0
2218,unnamed fault,0.1,"<130,000",nan,nan,100,3030.72,3030.72,370826.5,4175263.7,3332,1274,0
2219,unnamed fault,0.1,"<130,000",nan,nan,100,1153.48,1153.48,373033.4,4174406.7,3341,1296,0
2220,unnamed fault,0.1,"<130,000",nan,nan,100,1863.68,1863.68,367353.5,4174951.5,3335,1240,0
2221,unnamed fault,0.1,"<130,000",nan,nan,100,3244.52,3244.52,369741.7,4177517.1,3310,1263,0
2222,unnamed fault,0.1,"<130,000",nan,nan,100,2392.72,2392.72,313143.9,4188480.9,3200,697,0
2223,unnamed fault,0.195,"<1,600,000",nan,nan,100,4051.51,4051.51,306294.7,4221337.7,2872,629,0
2224,unnamed fault,0.9,"<15,000",nan,nan,100,2525.25,2525.25,308383.8,4222846.1,2857,650,0
2225,unnamed fault,0.0001,"<1,600,000",nan,nan,100,3373.3,3373.3,321750.4,4223490.8,2850,784,0
2226,unnamed fault,0.0001,"<1,600,000",nan,nan,100,2244.87,2244.87,320373.1,4223411.6,2851,770,0
2227,unnamed fault,0.195,"<1,600,000",nan,nan,100,1612.55,1612.55,301900.7,4224060.6,2844,585,0
2228,unnamed fault,0.0001,"<1,600,000",nan,nan,100,2294.84,2294.84,317722.7,4224818.8,2837,743,0
2229,unnamed fault,0.0001,"<1,600,000",nan,nan,100,5415.81,5415.81,309102.5,4229785.1,2787,657,0
2230,unnamed fault,0.195,"<1,600,000",nan,nan,100,1545.7,1545.7,298748.4,4227927.2,2806,553,0
2231,unnamed fault,0.0001,"<1,600,000",nan,nan,100,3289.55,3289.55,312231.3,4227689.9,2808,688,0
2232,unnamed fault,0.0001,"<1,600,000",nan,nan,100,3394.06,3394.06,316347.8,4229146.2,2794,729,0
2233,unnamed fault,0.0001,"<1,600,000",nan,nan,100,2071.65,2071.65,312259.7,4229443.0,2791,689,0
2234,unnamed fault,0.0001,"<1,600,000",nan,nan,100,2276.91,2276.91,313060.2,4229944.2,2786,697,0
2235,unnamed fault,0.0001,"<1,600,000",nan,nan,100,2304.52,2304.52,313521.6,4230939.9,2776,701,0
2236,unnamed fault,0.0001,"<1,600,000",nan,nan,100,1787.42,1787.42,306132.6,4232230.8,2763,627,0
2237,unnamed fault,0.0001,"<1,600,000",nan,nan,100,2506.11,2506.11,307952.8,4233715.8,2748,646,0
2238,unnamed fault,0.195,"<1,600,000",nan,nan,100,2408.84,2408.84,285937.8,4234363.0,2741,425,0
2239,unnamed fault,0.195,"<1,600,000",nan,nan,100,612.46,612.46,285377.6,4237211.1,2713,420,0
2240,unnamed fault,0.0001,"<1,600,000",nan,nan,100,2644.89,2644.89,326366.8,4236126.1,2724,830,0
2241,unnamed fault,0.195,"<1,600,000",nan,nan,100,2045.17,2045.17,296613.3,4240343.7,2682,532,0
2242,unnamed fault,0.0001,"<1,600,000",nan,nan,100,1424.37,1424.37,327397.8,4238079.1,2704,840,0
2243,unnamed fault,0.0001,"<1,600,000",nan,nan,100,2388.57,2388.57,326204.0,4239024.9,2695,828,0
2244,unnamed fault,0.0001,"<1,600,000",nan,nan,100,1315.4,1315.4,276718.7,4245297.3,2632,333,0
2245,unnamed fault,0.195,"<1,600,000",nan,nan,100,2871.08,2871.08,294032.4,4243477.2,2650,506,0
2246,unnamed fault,0.0001,"<1,600,000",nan,nan,100,1281.94,1281.94,276313.5,4247205.9,2613,329,0
2247,unnamed fault,0.0001,"<1,600,000",nan,nan,100,1604.52,1604.52,274405.2,4249775.0,2587,310,0
2248,unnamed fault,0.0001,"<1,600,000",nan,nan,100,2307.63,2307.63,279020.1,4253182.6,2553,356,0
2249,unnamed fault,0.0001,"<1,600,000",nan,nan,100,1356.74,1356.74,281861.7,4258498.2,2500,385,0
2250,unnamed fault,0.01,"<1,600,000",nan,nan,100,2313.01,2313.01,257977.2,4269845.3,2387,146,0
2251,unnamed fault,0.01,"<1,600,000",nan,nan,100,5245.72,5245.72,256388.9,4273207.7,2353,130,0
2252,unnamed fault,0.01,"<1,600,000",nan,nan,100,12436.88,12436.88,254523.4,4281766.4,2267,111,0
2254,unnamed fault,2,"<15,000",nan,nan,100,1469.14,1469.14,254554.2,4286083.4,2224,112,0
2255,unnamed fault,2,"<15,000",nan,nan,100,1474.87,1474.87,254234.6,4288025.5,2205,108,0
2256,unnamed fault,0.01,"<1,600,000",nan,nan,100,2318.29,2318.29,252007.2,4291869.9,2166,86,0
2257,unnamed fault,0.195,"<15,000",nan,nan,100,1306.44,1306.44,263057.6,4292134.9,2164,197,0
2258,unnamed fault,2,"<1,600,000",nan,nan,100,6237.34,6237.34,253233.0,4290992.0,2175,98,0
2259,unnamed fault,2,"<15,000",nan,nan,100,2307.46,2307.46,257217.4,4293780.3,2147,138,0
2260,unnamed fault,0.195,"<1,600,000",nan,nan,100,1359.89,1359.89,259607.9,4294407.8,2141,162,0
2261,unnamed fault,0.0001,"<1,600,000",nan,nan,100,1282.17,1282.17,247490.6,4298131.0,2104,41,0
2262,unnamed fault,0.0001,"<1,600,000",nan,nan,100,1344.37,1344.37,249637.1,4298191.2,2103,62,0
2263,unnamed fault,0.0001,"<1,600,000",nan,nan,100,890.9,890.9,252141.5,4303013.7,2055,87,0
2264,unnamed fault,0.0001,"<1,600,000",nan,nan,100,641.29,641.29,254983.9,4305284.0,2032,116,0
2265,unnamed fault,0.0001,"<1,600,000",nan,nan,100,1200.39,1200.39,252311.3,4307912.9,2006,89,0
2333,Warm Springs Valley fault zone,0.1,"<130,000",nan,RL,100,4263.7,686.77,243511.0,4459498.5,490,1,0
2338,unnamed fault,0.0001,"<1,600,000",nan,nan,100,2269.68,2269.68,316093.1,4224287.5,2842,727,0
2339,unnamed fault,0.0001,"<1,600,000",nan,nan,100,903.4,903.4,307685.9,4225858.3,2826,643,0
2340,unnamed fault,0.0001,"<1,600,000",nan,nan,100,2417.39,2417.39,315361.0,4224426.5,2841,720,0
2341,unnamed fault,0.0001,"<1,600,000",nan,nan,100,1307.92,1307.92,326595.7,4236695.4,2718,832,0
2342,unnamed fault,0.01,"<1,600,000",nan,nan,100,3216.09,3216.09,256782.8,4268092.4,2404,134,0
2637,Eastern Pyramid Lake fault,1,"<130,000",W,N,250,4945.18,4945.18,279476.6,4463778.9,447,361,1
2638,Eastern Pyramid Lake fault,1,"<130,000",NW,N,250,2524.1,2524.1,281116.3,4465554.8,429,377,1
2640,Unnamed fault zone along Bluewing Mountains,0.076,"<1,600,000",NW,N,250,7370.35,7370.35,325373.4,4470223.7,383,820,1
2641,Unnamed fault zone along Bluewing Mountains,0.076,"<1,600,000",N,N,250,3640.08,3640.08,331203.2,4474520.9,340,878,1
2642,Unnamed fault zone near Sheep Spring,0.001,"<1,600,000",E,N,250,5202.94,5202.94,339456.6,4505602.5,29,961,1
2643,Unnamed fault zone near Sheep Spring,0.001,"<1,600,000",W,N,250,7128.82,4274.78,337069.4,4505469.1,30,937,1
2644,Unnamed faults around Majuba Mountains,0.0001,"<1,600,000",Unspecified,N,250,72.76,72.76,376088.1,4494544.5,140,1327,1
2645,Unnamed faults around Majuba Mountains,0.0001,"<1,600,000",Unspecified,N,250,537.96,537.96,375690.6,4494790.8,137,1323,1
2646,Unnamed faults around Majuba Mountains,0.0001,"<1,600,000",Unspecified,N,250,669.78,669.78,375106.6,4495279.4,132,1317,1
2647,Unnamed faults around Majuba Mountains,0.0001,"<1,600,000",Unspecified,N,250,557.26,557.26,374394.7,4495532.8,130,1310,1
2648,Unnamed faults around Majuba Mountains,0.0001,"<1,600,000",S,N,250,4755.17,4755.17,371775.0,4497208.5,113,1284,1
2649,Unnamed faults around Majuba Mountains,0.0001,"<1,600,000",NE,N,250,2384.94,2384.94,380686.0,4502811.1,57,1373,1
2652,Unnamed fault in Lemmon Valley,0.001,"<130,000",Unspecified,N,250,24305.36,24305.36,251896.5,4396994.3,1115,85,0
2653,Unnamed fault in Lemmon Valley,0.001,"<130,000",E,N,250,3862.23,3862.23,249107.8,4393349.6,1152,57,0
2654,Unnamed fault in Lemmon Valley,0.001,"<130,000",E,N,250,3649.65,3649.65,248148.6,4395747.9,1128,47,0
2655,Unnamed fault west of Granite Hills,0.001,"<130,000",W,N,250,1118.12,1118.12,246420.0,4394804.5,1137,30,0
2656,Unnamed fault west of Granite Hills,0.001,"<130,000",SW,N,250,2221.78,2221.78,247342.6,4400176.7,1083,39,0
2657,Northern Virginia Range fault,0.005,"<15,000",Unspecified,N,250,1340.97,1340.97,268584.6,4370827.5,1377,252,0
2658,Northern Virginia Range fault,0.005,"<15,000",Unspecified,N,250,470.62,470.62,268631.0,4371315.0,1372,252,0
2659,Northern Virginia Range fault,0.005,"<15,000",Unspecified,N,250,1873.88,1873.88,268559.2,4371007.2,1375,252,0
2660,Northern Virginia Range fault,0.005,"<15,000",NW,N,250,3394.74,3394.74,269365.8,4371125.0,1374,260,0
2661,Eastern Carson Sink fault zone,0.195,"<15,000",W,N,250,1365.25,1365.25,386902.0,4388502.4,1200,1435,1
2662,Eastern Carson Sink fault zone,0.195,"<15,000",Unspecified,N,250,4008.41,4008.41,391765.8,4412047.0,965,1484,1
2663,Eastern Carson Sink fault zone,0.195,"<15,000",Unspecified,N,250,6730.2,6730.2,389554.9,4415790.5,927,1462,1
2664,Eastern Carson Sink fault zone,0.195,"<15,000",Unspecified,N,250,2068.85,2068.85,388353.2,4419462.0,890,1450,1
2665,Sand Springs Range fault,0.45,"<15,000",E,N,250,24036.26,24036.26,385252.1,4347096.1,1614,1419,1
2666,Sand Springs Range fault,0.45,"<15,000",Unspecified,N,250,12280.52,12280.52,387781.4,4362950.8,1455,1444,1
2667,"Dixie Valley fault zone, Stillwater seismic gap section",0.21,"<15,000",SE,N,250,33856.45,33856.45,421321.0,4423022.0,855,1779,1
2668,"Dixie Valley fault zone, Stillwater seismic gap section",0.21,"<15,000",Unspecified,N,250,21727.96,21727.96,434302.7,4439738.0,688,1909,1
2669,Fairview fault zone,0.195,<150,Unspecified,N,100,36346.11,36346.11,401625.7,4341142.6,1674,1582,1
2670,Fairview fault zone,0.195,<150,SE,N,100,25590.38,25590.38,400027.3,4336748.6,1718,1566,1
2671,West Gate fault,0.1,<150,Unspecified,N,250,6795.53,6795.53,407734.1,4351386.4,1571,1643,1
2672,West Gate fault,0.1,<150,W,N,250,11601.77,11601.77,407752.4,4353587.9,1549,1644,1
